Id,LotArea,OverallQual,OverallCond,YearRemodAdd,GrLivArea,FullBath,BedroomAbvGr,KitchenQual,GarageCars,GarageArea,MoSold,SalePrice
1461,11622,5,6,1961,896,1,2,1.0,1.0,730.0,6,169277.0524984
1462,14267,6,6,1958,1329,1,3,2.0,1.0,312.0,6,187758.393988768
1463,13830,5,5,1998,1629,2,3,1.0,2.0,482.0,3,183583.683569555
1464,9978,6,6,1998,1604,2,3,2.0,2.0,470.0,6,179317.47751083
1465,5005,8,5,1992,1280,2,2,2.0,2.0,506.0,1,150730.079976501
1466,10000,6,5,1994,1655,2,3,1.0,2.0,440.0,4,177150.989247307
1467,7980,6,7,2007,1187,2,3,1.0,2.0,420.0,3,172070.659229164
1468,8402,6,5,1998,1465,2,3,1.0,2.0,393.0,5,175110.956519547
1469,10176,7,5,1990,1341,1,2,2.0,2.0,506.0,2,162011.698831665
1470,8400,4,5,1970,882,1,2,1.0,2.0,525.0,4,160726.247831419
1471,5858,7,5,1999,1337,2,2,2.0,2.0,511.0,6,157933.279456005
1472,1680,6,5,1971,987,1,2,1.0,1.0,264.0,2,145291.245020389
1473,1680,5,5,1971,1092,1,3,1.0,1.0,320.0,3,159672.017631819
1474,2280,6,6,1975,1456,2,3,2.0,2.0,440.0,6,164167.518301885
1475,2280,7,6,1975,836,1,2,1.0,1.0,308.0,6,150891.638244053
1476,12858,9,5,2010,2334,2,3,3.0,3.0,751.0,1,179460.96518734
1477,12883,8,5,2010,1544,2,3,2.0,3.0,868.0,6,185034.62891405
1478,11520,9,5,2005,1698,2,3,3.0,3.0,730.0,6,182352.192644656
1479,14122,8,5,2006,1822,2,3,3.0,3.0,678.0,2,183053.458213802
1480,14300,9,5,2004,2696,2,3,3.0,3.0,958.0,6,187823.339254278
1481,13650,8,5,2002,2250,2,3,2.0,3.0,756.0,6,186544.114327568
1482,7132,8,5,2006,1370,2,2,2.0,2.0,484.0,4,158230.77520516
1483,18494,6,5,2005,1324,2,3,2.0,2.0,430.0,1,190552.829321091
1484,3203,7,5,2006,1145,2,2,2.0,2.0,437.0,1,147183.67487199
1485,13300,7,5,2004,1374,2,3,2.0,2.0,400.0,6,185855.300905493
1486,8577,7,5,2004,1733,2,3,2.0,2.0,433.0,4,174350.470676986
1487,17433,8,5,1998,2475,2,4,2.0,3.0,962.0,1,201740.620690863
1488,8987,8,5,2006,1595,2,2,2.0,3.0,880.0,5,162986.378895754
1489,9215,7,5,2010,1218,2,2,2.0,2.0,676.0,4,162330.199085679
1490,10440,6,5,2005,1468,2,2,2.0,2.0,528.0,5,165845.938616539
1491,11920,7,5,2004,1659,2,3,2.0,2.0,484.0,4,180929.622876974
1492,9800,5,5,1950,1012,1,2,1.0,1.0,429.0,4,163481.501519718
1493,15410,6,6,2002,1494,2,3,1.0,2.0,461.0,4,187798.076714233
1494,13143,8,5,1993,2349,2,4,2.0,3.0,762.0,6,198822.198942566
1495,11134,8,5,1993,2225,2,4,2.0,3.0,713.0,6,194868.409899858
1496,4835,7,5,2005,1488,2,2,2.0,2.0,506.0,3,152605.298564403
1497,3515,7,5,2004,1680,2,2,2.0,2.0,588.0,1,147797.702836811
1498,3215,7,5,2004,1200,2,2,2.0,2.0,480.0,4,150521.96899297
1499,2544,7,5,2005,1200,2,2,2.0,2.0,480.0,2,146991.630153739
1500,2544,6,5,2005,1236,2,2,2.0,2.0,480.0,5,150306.307814534
1501,2980,6,5,2000,1512,2,2,2.0,2.0,440.0,5,151164.372534604
1502,2403,7,5,2003,1080,2,2,2.0,2.0,496.0,6,151133.706960953
1503,12853,8,5,2010,1418,1,1,2.0,3.0,852.0,4,156214.042540726
1504,7379,8,5,2000,1848,2,3,2.0,2.0,592.0,4,171992.760735142
1505,8000,7,5,2002,1492,2,3,2.0,2.0,596.0,4,173214.912549738
1506,10456,6,6,1967,1829,2,4,1.0,2.0,535.0,5,192429.187345783
1507,10791,6,5,1993,2495,2,4,2.0,2.0,660.0,3,190878.69508543
1508,18837,6,5,1978,1891,3,3,1.0,2.0,678.0,4,194542.544135519
1509,9600,6,6,1971,1645,1,4,1.0,2.0,441.0,6,191849.439072822
1510,9600,5,5,1966,1232,1,3,1.0,2.0,490.0,4,176363.773907793
1511,9900,5,5,1966,1209,1,3,1.0,2.0,504.0,4,176954.185412429
1512,9680,5,6,1967,1510,2,3,2.0,2.0,517.0,4,176521.216975696
1513,10600,6,5,1964,1775,2,3,1.0,2.0,480.0,5,179436.704810176
1514,13260,5,6,2001,1728,2,6,1.0,0.0,0.0,1,220079.756777048
1515,9724,5,7,2002,2461,2,3,1.0,2.0,400.0,3,175502.918109444
1516,17360,6,6,1950,1556,2,3,1.0,2.0,470.0,1,188321.073833569
1517,11380,6,8,2008,1128,1,2,2.0,1.0,315.0,1,163276.324450004
1518,8267,5,5,1958,1604,2,4,1.0,2.0,576.0,3,185911.366293097
1519,8197,7,5,2009,1480,2,3,2.0,2.0,620.0,2,171392.830997252
1520,8050,5,5,1959,1143,1,3,1.0,1.0,308.0,5,174418.207020775
1521,10725,5,5,1959,1206,1,3,1.0,1.0,312.0,5,179682.709603774
1522,10032,6,5,1959,1580,1,3,1.0,2.0,440.0,6,179423.751581665
1523,8382,4,5,1956,1337,1,3,1.0,1.0,263.0,2,171756.918091777
1524,10950,5,7,1952,1064,1,2,0.0,1.0,318.0,5,166849.638174419
1525,10895,5,6,1955,972,1,3,1.0,1.0,305.0,6,181122.168676666
1526,13587,5,5,1958,988,1,2,1.0,1.0,264.0,4,170934.462746566
1527,7898,4,7,1994,985,1,2,1.0,2.0,676.0,4,159738.292580329
1528,8064,6,8,2004,1224,1,3,1.0,1.0,280.0,5,174445.759557658
1529,7635,5,6,1960,1175,1,3,1.0,2.0,484.0,6,174706.363659627
1530,9760,6,7,1984,1395,1,2,1.0,2.0,440.0,5,164507.672539365
1531,4800,4,5,1954,1844,1,3,1.0,1.0,240.0,1,163602.512172832
1532,4485,5,7,1950,936,1,2,1.0,0.0,0.0,5,154126.270249525
1533,5805,5,7,1957,1347,1,3,2.0,2.0,551.0,6,171104.853481351
1534,6900,6,7,2000,1251,1,3,0.0,1.0,240.0,1,167735.39270528
1535,11851,5,7,2009,1633,1,3,2.0,1.0,240.0,6,183003.613338104
1536,8239,5,6,1962,1245,1,3,1.0,1.0,315.0,3,172580.381161499
1537,9656,2,2,1970,832,1,2,1.0,2.0,780.0,6,165407.889104689
1538,9600,8,9,2003,1566,2,3,2.0,1.0,288.0,4,176363.773907793
1539,9000,8,9,2002,2268,3,3,2.0,2.0,624.0,4,175182.950898522
1540,9045,5,3,1950,2256,2,4,0.0,0.0,0.0,6,190757.177789246
1541,10560,6,7,1994,1470,1,2,1.0,2.0,624.0,6,167186.995771991
1542,5830,5,6,1997,1612,1,3,1.0,1.0,363.0,3,167839.376779276
1543,7793,7,7,2005,2068,1,3,2.0,1.0,315.0,5,173912.421165137
1544,5000,4,7,1950,765,1,2,2.0,1.0,200.0,4,154034.917445551
1545,6000,6,7,1950,1132,1,2,1.0,1.0,240.0,4,156002.955794336
1546,6000,6,6,1950,1196,1,3,1.0,2.0,576.0,3,168173.94329857
1547,6360,5,6,1950,1453,1,3,2.0,1.0,240.0,3,168882.437104132
1548,6000,6,7,1950,1416,1,3,1.0,1.0,312.0,3,168173.94329857
1549,6240,5,7,1980,1040,1,2,1.0,2.0,624.0,5,157580.177551642
1550,6240,5,5,1950,1536,2,4,1.0,2.0,480.0,3,181922.15256011
1551,6120,6,5,1950,1068,1,2,1.0,1.0,288.0,3,155134.227842592
1552,8094,4,5,1950,1962,1,4,1.0,2.0,572.0,6,188885.573319552
1553,12900,6,8,2009,1560,1,3,2.0,0.0,0.0,5,183963.193012381
1554,3068,6,8,1993,1324,1,3,1.0,1.0,180.0,2,161298.762306335
1555,15263,5,5,1959,1675,2,3,1.0,1.0,365.0,5,188613.66763056
1556,10632,5,3,1950,1224,1,3,1.0,1.0,180.0,1,175080.111822945
1557,9900,5,4,1950,1392,1,3,1.0,0.0,0.0,2,174744.400305232
1558,6001,6,5,1950,919,1,3,1.0,1.0,231.0,3,168175.911336919
1559,6449,4,1,1950,1884,1,4,1.0,0.0,0.0,3,182333.472575006
1560,6048,5,7,1950,1680,2,2,1.0,2.0,450.0,6,158307.206742274
1561,10773,4,3,1967,1832,2,4,1.0,0.0,0.0,5,193053.055502348
1562,7800,5,7,2008,892,1,3,2.0,1.0,416.0,6,175031.089987177
1563,7832,5,5,1968,864,1,2,1.0,1.0,280.0,5,160713.294602908
1564,7424,5,5,1978,1373,1,3,1.0,2.0,591.0,5,173186.215014436
1565,11227,5,5,1968,1440,1,4,1.0,2.0,480.0,3,191736.7598055
1566,20062,7,7,2001,1483,1,1,1.0,2.0,690.0,4,170401.630997116
1567,9259,4,4,1950,756,1,2,1.0,2.0,440.0,6,164626.577880222
1568,17082,6,5,1992,1981,2,4,2.0,2.0,522.0,5,205469.409444832
1569,18600,3,4,1990,1610,2,4,0.0,1.0,480.0,6,209561.784211885
1570,11479,6,7,1987,1074,1,3,2.0,1.0,467.0,6,182271.503072356
1571,9350,4,6,1979,1531,1,3,1.0,1.0,209.0,6,178081.549427793
1572,9525,5,7,1998,1172,1,3,1.0,1.0,366.0,6,178425.956138831
1573,17485,7,5,2010,1508,1,1,2.0,2.0,572.0,1,162015.318511503
1574,11200,5,3,1964,1298,2,3,1.0,2.0,504.0,6,181722.420373045
1575,11980,7,5,1987,1433,1,1,2.0,2.0,528.0,6,156705.730169433
1576,12361,6,7,1993,1802,2,3,2.0,4.0,1017.0,5,182902.420342386
1577,7360,7,5,2010,1222,2,2,2.0,2.0,615.0,3,157574.595395085
1578,14235,6,8,1993,1445,2,3,1.0,2.0,484.0,3,184380.739100813
1579,11105,5,5,1996,965,1,2,1.0,2.0,580.0,7,169364.469225677
1580,9337,7,5,1998,1692,2,3,1.0,2.0,513.0,4,175846.179822063
1581,15240,5,8,2004,1026,1,3,1.0,1.0,308.0,6,189673.295302136
1582,7480,5,6,1972,876,1,3,1.0,2.0,484.0,6,174401.317715566
1583,10389,8,5,2003,1978,2,3,2.0,3.0,850.0,5,179021.448718583
1584,9375,7,5,1997,2098,2,4,2.0,2.0,621.0,4,189196.845337149
1585,4435,6,5,2003,848,1,1,2.0,2.0,420.0,4,139647.095720655
1586,8777,3,6,2007,640,1,2,1.0,1.0,240.0,4,161468.198288911
1587,8842,5,6,1954,992,1,3,1.0,1.0,319.0,1,171557.32317862
1588,10044,5,6,1968,1196,1,3,1.0,1.0,336.0,6,179447.36804185
1589,11792,4,5,1950,1120,1,2,0.0,2.0,480.0,6,169611.619017694
1590,6305,6,6,1975,1096,1,3,1.0,1.0,352.0,6,172088.872655744
1591,6410,4,5,1958,960,1,3,1.0,0.0,0.0,5,171190.624128768
1592,4853,5,6,1999,1296,2,2,0.0,1.0,260.0,5,154850.508361878
1593,7890,6,6,1950,856,1,2,1.0,2.0,399.0,3,158617.655719941
1594,7200,4,6,1967,2650,3,6,1.0,0.0,0.0,2,209258.33693701
1595,9839,5,2,1950,1666,1,3,1.0,0.0,0.0,5,177939.027626751
1596,10452,7,6,1985,2133,1,4,1.0,1.0,312.0,7,194631.100299584
1597,15600,5,6,1991,2177,2,5,1.0,2.0,484.0,3,213618.871562568
1598,19645,7,6,2007,1652,2,3,2.0,2.0,473.0,6,198342.504228533
1599,3907,8,6,1989,1034,1,1,2.0,2.0,598.0,4,138607.971472497
1600,3907,8,5,1989,1191,2,2,2.0,2.0,531.0,3,150778.958976731
1601,8154,2,5,1950,540,1,1,1.0,1.0,200.0,4,146966.230339786
1602,9140,6,5,1975,1107,1,2,1.0,1.0,625.0,4,162182.59620952
1603,8712,4,7,1950,952,1,3,1.0,1.0,330.0,6,176825.940961269
1604,3811,8,5,2005,1646,2,2,2.0,2.0,525.0,5,152799.812402444
1605,11050,8,5,1999,1916,2,3,2.0,3.0,741.0,5,180322.322067129
1606,9620,6,7,1977,1285,2,3,2.0,2.0,473.0,5,177508.027228367
1607,12760,6,5,1976,2048,3,5,1.0,2.0,776.0,3,208029.642652019
1608,11896,7,5,2008,1346,2,3,2.0,3.0,660.0,5,181987.282510201
1609,9803,7,5,2010,1214,2,2,2.0,2.0,520.0,1,160172.72797397
1610,9802,5,5,2007,1444,2,3,1.0,2.0,400.0,4,176761.317654248
1611,15300,5,5,1977,1264,1,2,1.0,2.0,528.0,6,176515.497545231
1612,10114,5,5,2005,1430,2,3,2.0,2.0,624.0,3,176270.453065471
1613,11875,5,5,1999,1344,2,3,1.0,2.0,686.0,6,183050.846258475
1614,2394,5,6,1973,945,1,2,1.0,1.0,253.0,5,150011.102062216
1615,1476,4,7,1970,1092,1,3,1.0,0.0,0.0,3,159270.537808667
1616,1900,4,4,1970,1092,1,3,1.0,0.0,0.0,6,163419.663729346
1617,1890,4,6,1972,1092,1,3,1.0,1.0,286.0,6,163399.983345859
1618,6953,5,7,2004,874,1,3,1.0,1.0,352.0,6,173364.161505756
1619,12887,5,7,1984,833,1,2,2.0,2.0,495.0,4,169556.835902417
1620,7700,5,2,1986,2432,4,4,1.0,2.0,616.0,2,183690.595995738
1621,10475,5,5,1991,1274,1,3,1.0,2.0,576.0,3,176980.914909382
1622,10544,5,5,1969,1479,2,5,1.0,1.0,275.0,4,204773.36222471
1623,9892,8,5,1995,1803,2,3,2.0,2.0,482.0,2,174728.655998442
1624,12961,6,5,1994,1797,2,3,2.0,2.0,616.0,3,181873.458244461
1625,13008,6,5,1956,882,1,2,1.0,1.0,502.0,10,177322.000823979
1626,10200,6,5,1974,1434,2,4,1.0,2.0,528.0,6,193927.939041863
1627,10179,6,5,1997,1608,2,3,1.0,2.0,470.0,7,181715.622732304
1628,11792,8,5,2003,2283,2,4,2.0,3.0,632.0,8,199270.841200324
1629,8400,7,5,1997,1628,2,3,1.0,2.0,390.0,6,177109.589956218
1630,7296,8,5,2005,2522,2,1,2.0,2.0,564.0,11,153909.578271486
1631,7380,8,5,1998,1478,2,2,1.0,2.0,495.0,7,162931.203336223
1632,8013,8,5,1996,1734,2,2,2.0,2.0,528.0,9,166386.7567182
1633,8923,7,5,1998,1382,2,3,1.0,2.0,396.0,2,173719.30379824
1634,7500,6,5,1999,1636,2,3,1.0,2.0,440.0,10,179757.925656704
1635,8803,6,5,1995,1516,2,3,2.0,2.0,409.0,7,179007.601964376
1636,7250,6,5,1993,1190,2,3,2.0,2.0,430.0,11,180370.808623106
1637,11900,5,6,1977,1934,2,3,1.0,2.0,567.0,7,185102.616730563
1638,13250,7,6,1978,2050,2,4,2.0,2.0,529.0,5,198825.563452058
1639,10928,6,6,1986,1671,2,3,1.0,2.0,484.0,8,184294.576009142
1640,12388,7,7,1991,2673,2,4,2.0,2.0,441.0,8,200443.7920562
1641,11088,6,5,1998,1707,2,3,1.0,2.0,479.0,5,181294.784484153
1642,7000,7,5,2003,1884,2,3,3.0,2.0,581.0,6,174354.336267919
1643,7500,8,5,2001,1874,2,3,2.0,2.0,588.0,3,172023.677781517
1644,8470,8,5,2002,1811,2,3,2.0,2.0,565.0,10,181666.922855025
1645,9373,5,7,1975,1621,2,3,1.0,2.0,478.0,6,179024.491269586
1646,10140,6,6,1974,1116,2,3,1.0,2.0,528.0,4,178324.191575907
1647,11050,7,5,1975,1193,2,3,1.0,2.0,506.0,8,184534.676687694
1648,7830,5,5,1970,1180,1,2,1.0,2.0,477.0,3,159397.250378784
1649,8510,5,7,1971,1050,1,3,1.0,1.0,336.0,7,178430.966728182
1650,7038,4,6,1970,864,1,3,1.0,2.0,576.0,9,177743.799385967
1651,9000,4,7,2006,864,1,3,1.0,2.0,576.0,7,179395.305519087
1652,1680,6,5,1973,987,1,2,1.0,1.0,264.0,7,151713.38474815
1653,1680,6,6,1972,987,1,2,1.0,1.0,288.0,7,151713.38474815
1654,2308,6,5,1976,1548,2,3,1.0,2.0,440.0,9,168434.977996215
1655,2280,7,5,1975,1055,2,2,1.0,2.0,440.0,8,153999.100311019
1656,2349,6,5,1977,1456,2,3,1.0,2.0,440.0,5,164096.097354123
1657,2364,6,5,1978,1548,2,3,1.0,2.0,440.0,7,166335.403036551
1658,2364,6,5,1978,1456,2,3,1.0,2.0,440.0,4,163020.725375757
1659,2104,7,6,1976,836,1,2,1.0,1.0,345.0,10,155862.510668829
1660,10710,5,7,2004,1120,1,3,1.0,2.0,656.0,7,182760.651095509
1661,14257,9,5,2007,2772,3,4,3.0,3.0,754.0,6,201912.270622883
1662,12350,9,5,2009,2690,2,3,3.0,3.0,864.0,7,185988.233987516
1663,12350,9,5,2008,2020,2,3,3.0,3.0,896.0,5,183778.44888032
1664,13693,10,5,2007,2674,2,2,3.0,3.0,762.0,3,170935.85921771
1665,11578,9,5,2008,1736,2,3,3.0,3.0,834.0,7,184468.908382254
1666,16870,8,5,2005,1782,2,3,2.0,3.0,932.0,4,191569.089663229
1667,23303,8,5,2007,2520,2,5,3.0,3.0,640.0,6,232991.025583822
1668,10367,9,5,2008,1743,2,3,3.0,3.0,927.0,6,180980.721388278
1669,10872,9,5,2006,1531,2,2,3.0,3.0,700.0,2,164279.13048219
1670,13514,9,5,2008,1808,2,3,3.0,3.0,850.0,3,183859.460411109
1671,12878,7,5,2004,1760,2,3,2.0,2.0,583.0,6,185922.465682076
1672,15274,9,5,2003,2452,2,3,3.0,3.0,886.0,7,191742.778119363
1673,13262,8,5,2004,2400,3,4,2.0,3.0,730.0,6,199954.072465842
1674,9658,8,5,2006,1606,2,3,2.0,3.0,871.0,7,180690.274752587
1675,6904,6,5,2005,1358,2,2,2.0,2.0,484.0,8,163099.3096358
1676,5122,6,5,2005,1306,2,1,2.0,2.0,624.0,3,140791.922472443
1677,10307,7,5,2008,1358,2,2,2.0,2.0,484.0,5,166481.86647592
1678,14836,10,5,2005,2492,2,2,3.0,3.0,949.0,2,172080.434496773
1679,15262,8,5,2004,2200,2,3,3.0,3.0,685.0,7,191719.161659178
1680,7390,9,5,2009,1884,2,2,3.0,2.0,649.0,5,160741.098612515
1681,6472,9,5,2008,1456,2,2,3.0,2.0,539.0,4,157829.546854733
1682,16770,8,5,2003,1712,2,3,2.0,3.0,701.0,9,196896.748596341
1683,3480,7,5,2003,1405,2,2,2.0,2.0,478.0,11,159675.423990355
1684,10928,7,5,2005,1456,2,3,2.0,2.0,390.0,6,182084.790901946
1685,8918,6,5,2006,1490,2,3,2.0,2.0,392.0,7,179233.926374487
1686,3182,7,5,2006,1220,2,2,2.0,2.0,397.0,8,155774.270901623
1687,9434,7,5,2005,1374,2,3,2.0,2.0,400.0,8,181354.326716058
1688,7984,7,5,2005,1630,2,3,2.0,2.0,436.0,9,179605.563663918
1689,10125,7,5,2004,1594,2,3,2.0,2.0,434.0,7,181609.34866147
1690,8965,7,5,2003,1489,2,3,2.0,2.0,400.0,6,178221.531623281
1691,8174,7,5,2003,1342,2,3,2.0,2.0,393.0,5,175559.920735795
1692,12891,8,5,2002,2004,2,4,2.0,3.0,644.0,7,200328.822792041
1693,9734,7,5,2004,1374,2,3,2.0,2.0,400.0,5,178630.060559899
1694,8433,6,5,2000,1514,2,3,1.0,2.0,394.0,6,177174.535221728
1695,7750,7,5,2000,1430,2,3,1.0,2.0,400.0,3,172515.687368714
1696,15896,7,5,1999,2312,2,4,2.0,3.0,658.0,5,204032.992922943
1697,7848,7,6,1999,1430,2,3,1.0,2.0,410.0,6,176023.232787689
1698,12720,8,5,2000,2687,2,4,2.0,3.0,810.0,9,202202.073341595
1699,10750,8,5,1995,2063,2,3,2.0,3.0,815.0,6,181734.480075862
1700,9085,7,5,1996,2061,2,3,2.0,2.0,647.0,11,183982.158993126
1701,11692,8,5,1994,2232,2,3,2.0,2.0,623.0,10,188007.94241481
1702,11194,8,5,2008,1696,2,3,2.0,3.0,972.0,9,185922.966763517
1703,10206,8,5,2008,1658,2,3,2.0,3.0,726.0,9,183978.544874918
1704,10130,8,5,2007,1702,2,3,2.0,3.0,844.0,3,177199.618638821
1705,9139,8,5,2006,1432,2,3,2.0,2.0,492.0,9,181878.647956764
1706,11128,9,5,2006,2490,2,2,3.0,3.0,795.0,10,173622.088728263
1707,7993,7,5,2009,1436,2,3,2.0,2.0,529.0,10,180728.168562655
1708,8640,7,5,2008,1402,2,3,2.0,2.0,625.0,5,176477.026606328
1709,12606,9,5,2008,1530,2,3,2.0,3.0,984.0,5,184282.266697609
1710,7500,8,5,2007,1448,2,2,2.0,2.0,692.0,6,162062.47538448
1711,10603,8,5,2006,1795,2,3,2.0,3.0,782.0,7,182550.070992189
1712,8125,8,5,2009,1836,2,3,2.0,2.0,517.0,10,180987.949624695
1713,10625,7,5,2007,1662,2,3,3.0,3.0,711.0,3,178173.79762147
1714,8736,7,5,2004,1553,2,3,2.0,2.0,588.0,8,179980.635948606
1715,8127,7,5,2003,1653,2,3,2.0,2.0,628.0,3,173257.637826205
1716,9605,7,6,2007,1218,1,3,2.0,2.0,576.0,4,177271.291059307
1717,7500,7,5,2006,1141,1,3,2.0,2.0,484.0,6,175338.355442312
1718,7500,6,5,2004,1158,1,3,2.0,0.0,0.0,8,177548.140549508
1719,10628,7,5,2004,1812,2,3,2.0,2.0,478.0,1,175969.91662932
1720,10141,8,5,2004,1512,2,3,2.0,3.0,845.0,1,175011.481953462
1721,13072,7,5,2005,1114,1,3,2.0,2.0,576.0,5,185199.372568143
1722,13072,5,5,2004,1114,1,3,2.0,0.0,0.0,8,188514.050228937
1723,12450,5,5,2004,1114,2,3,2.0,2.0,576.0,6,185080.145268797
1724,7328,7,5,2009,1450,2,2,2.0,3.0,788.0,2,157304.402574096
1725,11492,7,5,1997,2122,2,4,2.0,2.0,559.0,4,194260.859481297
1726,7703,6,6,1992,1730,2,3,2.0,2.0,528.0,11,181262.329995106
1727,7175,6,5,1991,1332,2,2,2.0,2.0,542.0,2,157003.292706732
1728,9109,7,5,1994,1540,2,3,2.0,2.0,495.0,10,182924.499359899
1729,10274,6,7,1986,1400,2,3,1.0,2.0,465.0,7,181902.586375439
1730,8250,6,7,1981,1882,2,4,1.0,2.0,612.0,5,188985.371708134
1731,9750,5,5,1962,980,1,3,1.0,2.0,400.0,11,185290.904495068
1732,8499,5,6,1961,864,1,3,1.0,2.0,732.0,6,177304.425752748
1733,9079,5,5,1961,864,1,2,1.0,1.0,440.0,7,166274.900490809
1734,9316,5,5,1965,1020,2,3,1.0,1.0,288.0,5,177807.420530107
1735,7791,5,8,1995,912,1,3,2.0,1.0,300.0,10,180330.624816201
1736,7150,5,6,1962,912,1,3,1.0,1.0,252.0,10,179069.112234629
1737,15676,8,8,1980,2014,2,2,2.0,3.0,864.0,4,175943.371816948
1738,11949,7,8,2008,1755,2,3,2.0,2.0,524.0,7,185199.050609653
1739,2880,7,5,2005,3005,2,3,2.0,3.0,704.0,7,167350.910824524
1740,3830,6,5,2008,1726,2,2,2.0,2.0,561.0,1,149315.311876449
1741,4217,6,5,2008,1256,1,1,2.0,2.0,641.0,3,139010.847766793
1742,2998,6,5,2000,1512,2,2,2.0,2.0,440.0,8,155412.151845447
1743,3768,7,5,1999,1452,2,3,2.0,2.0,506.0,9,171308.313985441
1744,14694,8,9,2008,1694,2,2,3.0,2.0,642.0,6,176220.543265638
1745,15417,7,5,1981,1740,1,2,2.0,2.0,540.0,6,177643.434991809
1746,9600,8,5,1976,2499,2,4,1.0,2.0,527.0,1,187222.653264601
1747,12732,7,6,1974,2067,2,3,2.0,2.0,784.0,6,185635.132083154
1748,10400,6,7,1997,2640,2,5,2.0,2.0,515.0,5,206492.534215854
1749,9600,5,5,1969,1336,2,3,1.0,2.0,502.0,8,181681.021081956
1750,9000,6,5,1969,1216,1,3,1.0,1.0,336.0,8,180500.198072685
1751,13774,7,7,1992,2288,1,4,2.0,2.0,520.0,11,206486.17086841
1752,7130,5,6,1967,864,1,2,1.0,1.0,312.0,6,161334.301195429
1753,9600,5,5,1967,1568,1,3,1.0,2.0,440.0,3,176156.558313965
1754,9600,7,5,1974,2061,2,4,1.0,2.0,498.0,5,191642.223478994
1755,16500,6,5,1971,1320,2,3,1.0,2.0,495.0,5,191945.808027777
1756,7436,4,7,1960,894,1,2,1.0,2.0,396.0,8,164146.306037354
1757,8125,5,7,1959,864,1,3,1.0,1.0,308.0,9,179883.057071096
1758,9450,4,5,1957,1362,1,3,1.0,3.0,768.0,5,178071.137668844
1759,13495,5,6,1956,1728,2,3,1.0,2.0,576.0,7,188241.637896875
1760,9350,5,6,1995,1313,1,3,2.0,2.0,610.0,2,174559.656173171
1761,10500,5,5,1964,1292,1,3,1.0,2.0,520.0,7,182347.363042264
1762,8970,5,6,1965,2140,2,4,1.0,2.0,549.0,6,191507.251872857
1763,11475,6,6,1961,1576,1,4,2.0,2.0,368.0,9,199751.865597358
1764,9768,5,5,1955,960,1,2,1.0,1.0,330.0,2,162106.416145131
1765,9900,6,5,1967,1691,1,2,1.0,2.0,550.0,4,164575.982314367
1766,10573,6,6,1961,1453,2,3,1.0,2.0,530.0,4,179176.352180931
1767,14695,6,8,2008,1567,2,2,2.0,2.0,542.0,7,177327.403857584
1768,8760,5,7,1956,1144,1,3,1.0,1.0,286.0,6,177818.083761781
1769,12285,7,6,1960,1329,1,3,1.0,2.0,441.0,8,186965.204048443
1770,9240,6,8,1998,988,2,3,2.0,1.0,297.0,6,178762.742169197
1771,8750,5,5,1956,1202,1,3,1.0,1.0,304.0,11,183322.866146283
1772,8750,5,5,1955,1382,1,3,2.0,1.0,350.0,7,178903.295931891
1773,10400,4,5,1956,1200,1,3,1.0,1.0,294.0,11,186570.129421778
1774,9482,5,4,1958,1866,2,4,1.0,2.0,495.0,12,199144.242829024
1775,8128,6,7,1954,1062,1,3,1.0,1.0,297.0,2,172154.713310956
1776,13070,5,5,1951,1112,1,2,1.0,2.0,480.0,10,177444.019201603
1777,8480,5,6,1950,793,1,2,0.0,1.0,240.0,8,166200.938073485
1778,7626,5,8,2005,1031,1,2,2.0,1.0,230.0,3,158995.770555632
1779,9533,5,5,1953,1210,1,2,1.0,1.0,616.0,8,168273.282454755
1780,11419,7,7,1999,1527,1,3,1.0,2.0,410.0,12,189680.453052788
1781,9600,5,6,1950,1200,1,3,1.0,1.0,246.0,8,181681.021081956
1782,5470,3,5,1958,792,1,2,1.0,1.0,366.0,8,160277.142643643
1783,10800,5,7,2006,1352,2,4,2.0,2.0,720.0,8,197318.54715833
1784,8146,4,8,2003,1039,1,2,1.0,1.0,281.0,5,162228.935604196
1785,10230,5,7,1950,1078,1,3,3.0,1.0,264.0,12,187340.455456083
1786,10410,4,5,1950,2377,2,3,2.0,2.0,528.0,6,181065.347037275
1787,7200,7,9,2008,1690,2,4,2.0,2.0,624.0,8,190233.609102705
1788,5400,2,5,1950,599,1,2,2.0,0.0,0.0,6,157929.594852031
1789,10800,5,7,1950,846,1,2,2.0,2.0,576.0,6,168557.001935469
1790,10800,3,5,1998,725,1,1,1.0,1.0,320.0,11,160805.584645628
1791,9671,6,5,1969,2544,2,6,1.0,3.0,907.0,8,221648.391978216
1792,10143,6,7,1963,1380,1,3,1.0,1.0,364.0,6,180539.88079815
1793,11500,6,4,1967,1040,1,3,1.0,2.0,480.0,5,182105.616283853
1794,8010,6,9,2007,951,1,2,2.0,2.0,480.0,9,166380.852603154
1795,10454,6,6,1957,1105,1,3,1.0,1.0,308.0,4,178942.155617426
1796,9000,6,6,1958,1142,1,2,1.0,1.0,384.0,4,162804.747800461
1797,8064,6,5,1950,1133,1,3,1.0,2.0,900.0,12,183077.684392615
1798,7350,5,6,1958,1041,1,3,1.0,1.0,294.0,3,171728.4720292
1799,7200,5,7,1952,732,1,2,1.0,1.0,240.0,9,164786.741540638
1800,8000,5,5,1959,1183,1,3,1.0,1.0,288.0,7,177427.267170302
1801,10800,4,7,1996,1461,2,4,1.0,1.0,384.0,8,197318.54715833
1802,8064,6,7,1994,1495,1,3,1.0,2.0,576.0,8,178658.114178223
1803,7570,6,5,1964,1806,1,4,1.0,2.0,483.0,3,185437.320523764
1804,8604,5,7,1978,941,1,2,2.0,2.0,564.0,11,169759.652489529
1805,7936,6,6,1963,1045,1,3,1.0,1.0,264.0,4,173986.635055186
1806,4080,6,8,1998,1378,1,3,2.0,1.0,162.0,6,168607.664289468
1807,10307,6,5,1950,1944,2,4,1.0,2.0,324.0,6,194138.519145183
1808,15660,5,8,2003,1306,1,3,2.0,2.0,472.0,7,192502.440921994
1809,9900,5,8,2002,1464,2,3,1.0,0.0,0.0,3,176746.969818601
1810,6406,5,6,1950,1558,1,3,1.0,2.0,400.0,10,177604.891703134
1811,7627,4,6,1950,1701,2,4,0.0,0.0,0.0,10,193283.746584832
1812,10134,5,5,1950,1447,1,3,1.0,0.0,0.0,7,181627.061006609
1813,6000,5,7,1970,1328,1,3,1.0,1.0,308.0,3,169071.62025834
1814,7404,4,6,1950,861,1,2,1.0,2.0,288.0,11,167398.006470987
1815,5925,2,4,1950,612,1,1,1.0,1.0,308.0,10,150106.505141704
1816,8520,5,8,1950,792,1,2,1.0,1.0,287.0,2,159650.304285848
1817,9600,4,4,1950,1510,2,3,2.0,2.0,720.0,6,179471.23597476
1818,8400,6,7,1950,2007,2,3,3.0,1.0,357.0,6,177109.589956218
1819,3600,6,7,2007,1288,1,3,3.0,1.0,280.0,5,166558.113328453
1820,3300,4,3,1950,816,1,2,1.0,0.0,0.0,6,153796.714319583
1821,5400,6,6,1950,1480,1,3,1.0,1.0,207.0,9,174520.152570658
1822,9720,6,7,2002,1521,1,4,2.0,3.0,640.0,9,196297.95829524
1823,9392,3,3,1950,797,1,2,1.0,0.0,0.0,9,169100.681601175
1824,6615,6,6,1950,1432,1,3,2.0,1.0,216.0,9,176911.319164431
1825,4960,5,7,1982,1654,2,3,1.0,1.0,336.0,5,169234.6454828
1826,6000,5,5,1950,1142,1,3,1.0,1.0,320.0,6,172386.297919134
1827,6120,5,6,1999,995,1,2,1.0,1.0,264.0,3,156031.904802362
1828,6120,5,6,1950,1582,2,3,1.0,1.0,250.0,2,168202.892306596
1829,8635,5,5,1950,1072,1,2,1.0,5.0,1184.0,8,166505.984017547
1830,8094,6,6,1950,1768,2,3,1.0,2.0,576.0,6,176507.37022149
1831,9928,7,8,1994,1944,2,3,1.0,1.0,216.0,6,180116.752553161
1832,3000,5,1,1950,2128,2,4,1.0,0.0,0.0,9,183072.740591406
1833,6876,6,5,1950,1930,2,4,1.0,1.0,316.0,8,189595.964677698
1834,5775,6,7,2002,1427,1,3,2.0,1.0,379.0,2,167523.919076265
1835,5852,7,5,2000,1864,2,6,1.0,0.0,0.0,5,210817.775863413
1836,5160,6,6,1950,1666,1,3,1.0,1.0,384.0,8,172942.930813351
1837,5160,4,6,1950,892,1,1,2.0,0.0,0.0,7,145286.278144089
1838,10320,6,7,1965,1403,1,3,1.0,1.0,308.0,2,176468.653371492
1839,4280,4,9,2001,704,1,2,0.0,1.0,220.0,9,159040.069562187
1840,10800,5,5,1988,1200,3,3,1.0,0.0,0.0,3,178518.204332507
1841,10547,5,5,1978,1152,2,2,1.0,1.0,252.0,7,169163.980786825
1842,9780,5,3,1950,1112,2,4,1.0,1.0,226.0,3,189786.685274579
1843,11625,5,6,1967,1052,1,3,1.0,1.0,668.0,4,181246.728523853
1844,8014,6,5,1978,1034,1,3,1.0,2.0,504.0,6,176349.927153587
1845,15400,5,5,1961,1774,2,4,1.0,1.0,384.0,7,205266.631009142
1846,15312,6,5,1960,1138,1,3,1.0,2.0,480.0,3,187397.993362224
1847,15584,5,5,1956,2071,1,4,1.0,1.0,336.0,10,208943.427726113
1848,9000,2,2,1950,660,1,2,0.0,0.0,0.0,6,165014.532907657
1849,15635,4,5,1954,1383,1,2,1.0,2.0,498.0,10,182492.037566236
1850,9571,5,5,1956,1073,1,2,1.0,1.0,340.0,2,161718.71259042
1851,9350,6,7,1950,1639,1,3,2.0,1.0,240.0,7,180084.118941162
1852,7440,5,6,1954,1089,1,3,1.0,1.0,252.0,9,178534.950802179
1853,4235,5,5,1984,1049,2,2,2.0,1.0,266.0,2,151217.259961305
1854,10778,7,6,1991,1061,1,1,2.0,2.0,462.0,7,156342.717587562
1855,19255,6,5,1983,1338,1,2,2.0,2.0,576.0,9,188511.443835239
1856,10560,7,5,1994,1879,2,3,2.0,2.0,473.0,8,183570.337896789
1857,26400,5,7,2007,2016,1,4,1.0,2.0,576.0,6,225810.160292177
1858,7018,5,5,1979,2228,2,6,1.0,2.0,720.0,6,214217.401131694
1859,7018,5,5,1979,1535,2,4,1.0,2.0,400.0,6,187665.64101603
1860,7040,5,5,1979,1229,0,2,2.0,2.0,672.0,6,161157.177744039
1861,7007,5,5,1979,1513,2,4,1.0,2.0,400.0,6,187643.992594193
1862,11855,7,5,2000,2787,4,6,1.0,4.0,820.0,10,228156.372839158
1863,7939,7,5,2000,2787,4,6,1.0,4.0,820.0,10,220449.534665317
1864,7976,7,5,2000,2787,4,6,1.0,4.0,820.0,10,220522.352084222
1865,10933,9,5,2009,1680,1,1,3.0,3.0,1138.0,7,156647.763531624
1866,10816,9,5,2008,1720,2,3,3.0,3.0,846.0,11,187388.833374873
1867,9178,8,5,2008,1468,2,3,2.0,3.0,904.0,6,178640.723791573
1868,11422,8,5,2008,1838,2,3,2.0,2.0,524.0,4,180847.216739049
1869,6762,7,5,2007,1290,2,2,2.0,2.0,662.0,5,159505.170529478
1870,10324,8,5,2008,1254,2,2,2.0,3.0,810.0,3,164305.538020654
1871,11645,8,5,2006,1498,2,3,2.0,3.0,844.0,3,180181.19673723
1872,11646,6,5,2006,1422,2,3,2.0,2.0,440.0,7,184602.734989972
1873,16698,7,5,1993,1759,2,3,2.0,2.0,525.0,6,193440.372174434
1874,9757,5,7,1994,990,1,3,1.0,1.0,440.0,10,184199.788209911
1875,14753,7,5,1998,1463,2,3,1.0,2.0,539.0,12,196241.892907637
1876,8750,6,5,1998,1772,2,3,1.0,2.0,492.0,4,175588.618271096
1877,10739,7,5,2001,1444,2,3,2.0,2.0,577.0,4,179503.046546829
1878,11166,7,5,2001,1492,2,3,2.0,2.0,608.0,7,183658.076582555
1879,16269,5,5,1978,907,1,3,1.0,1.0,343.0,7,193700.976276404
1880,6950,5,7,1979,914,1,2,1.0,2.0,444.0,10,165399.62450704
1881,11664,7,5,2002,1611,2,3,2.0,3.0,1231.0,9,186847.944787446
1882,12334,8,5,2003,2184,2,4,2.0,2.0,570.0,6,198127.73287817
1883,8749,7,5,2002,1725,2,3,2.0,2.0,550.0,11,183320.898107934
1884,11250,7,5,2001,1870,2,3,2.0,2.0,608.0,5,181613.606696657
1885,15750,8,5,2000,1513,2,2,2.0,2.0,521.0,6,178298.791761954
1886,12782,8,5,2003,1828,2,3,2.0,2.0,523.0,6,185733.534000593
1887,8750,7,5,1998,1417,2,3,2.0,2.0,511.0,8,180008.188485489
1888,10200,8,5,2007,1602,2,3,2.0,3.0,810.0,1,175127.59621604
1889,11069,6,5,2007,1396,2,3,2.0,2.0,440.0,7,183467.176862723
1890,10682,4,6,1971,1149,1,3,1.0,1.0,544.0,7,182705.546021743
1891,3675,6,5,2006,1072,1,2,1.0,2.0,525.0,4,152324.943593181
1892,6410,4,5,1959,876,1,3,1.0,1.0,320.0,3,169878.515981342
1893,11767,5,5,1950,1368,1,3,1.0,1.0,195.0,6,183735.975076576
1894,10926,5,5,1959,1678,2,6,1.0,0.0,0.0,8,224118.280105941
1895,11767,5,5,1956,1560,1,2,1.0,1.0,313.0,5,169355.202465146
1896,8212,5,6,1950,1298,1,3,1.0,1.0,256.0,9,180054.276407441
1897,6300,5,4,1950,1268,1,3,1.0,1.0,250.0,7,174081.601977368
1898,5707,6,6,1950,1242,1,3,1.0,1.0,180.0,3,168494.985022146
1899,8574,6,8,2000,1232,1,3,2.0,2.0,440.0,10,181871.598843299
1900,7155,7,8,1990,1228,1,3,1.0,1.0,215.0,5,173554.489658383
1901,13680,5,6,1950,1567,1,2,1.0,2.0,440.0,2,169805.382165577
1902,14680,5,4,1960,1273,1,2,1.0,1.0,307.0,6,176192.990728755
1903,8145,7,6,1950,2480,2,5,1.0,2.0,400.0,7,204264.39284654
1904,9100,5,6,1954,1112,1,2,1.0,1.0,390.0,10,169630.906956928
1905,13339,6,6,1960,1561,2,3,1.0,2.0,463.0,5,185724.838807268
1906,15600,5,7,2005,1523,2,3,0.0,1.0,295.0,10,195699.036281861
1907,17500,6,5,1954,1906,1,3,1.0,2.0,576.0,1,189494.276162169
1908,1733,6,6,1980,1032,1,2,1.0,2.0,452.0,5,149607.905673439
1909,1488,6,6,1992,1229,1,2,2.0,2.0,462.0,10,154650.199045978
1910,1612,6,6,1980,1229,1,2,1.0,2.0,462.0,7,151579.558140433
1911,13607,6,6,1986,1982,2,3,1.0,2.0,501.0,4,185147.380531144
1912,17597,7,9,2009,2365,2,3,3.0,2.0,551.0,7,196314.53120359
1913,8660,5,6,1993,2168,2,5,2.0,2.0,576.0,12,210802.395364155
1914,10200,4,6,1950,572,1,2,1.0,1.0,200.0,5,166271.2863726
1915,3843,8,5,2008,1648,2,2,3.0,2.0,482.0,6,154865.359142973
1916,21780,2,4,1950,810,1,1,1.0,1.0,280.0,3,173575.5052865
1917,10125,8,5,2001,2052,2,3,2.0,3.0,642.0,5,179399.563554274
1918,9750,6,6,1977,926,1,2,1.0,1.0,351.0,4,164280.776562049
1919,9360,6,7,1977,1287,1,2,1.0,2.0,541.0,11,171247.48948121
1920,11070,5,5,1991,1595,2,2,1.0,2.0,672.0,4,166878.587182445
1921,13438,9,5,2008,2036,2,3,3.0,3.0,780.0,7,188129.459710994
1922,14463,9,5,2008,1641,2,3,3.0,3.0,885.0,1,183517.34369691
1923,9839,6,8,2006,2237,2,3,2.0,2.0,440.0,2,175522.026925727
1924,14419,7,5,1989,1479,2,3,2.0,2.0,578.0,7,190060.105331152
1925,9157,7,5,2003,2014,2,3,2.0,2.0,486.0,2,174179.824771856
1926,12633,9,5,2007,1978,2,2,3.0,3.0,920.0,5,171059.523675194
1927,12518,5,7,1968,1008,1,3,2.0,1.0,384.0,4,183004.186769318
1928,13383,5,5,2000,1404,2,3,1.0,2.0,504.0,3,183601.647387418
1929,7689,5,8,1972,796,1,2,1.0,1.0,336.0,7,163539.327185998
1930,7706,6,5,1996,1091,1,2,1.0,1.0,429.0,8,164677.676391525
1931,7669,5,6,1993,883,1,2,1.0,2.0,698.0,6,162395.073865424
1932,10429,5,5,1992,1287,1,3,1.0,2.0,440.0,7,182207.6323195
1933,10457,5,7,1969,1632,1,4,1.0,2.0,898.0,4,192223.939790304
1934,8702,6,5,1998,1604,2,3,1.0,2.0,470.0,4,176391.829390125
1935,8139,6,5,1996,1470,2,3,1.0,2.0,420.0,10,181913.179121348
1936,9535,6,5,1998,1604,2,3,1.0,2.0,472.0,5,179136.097888261
1937,15038,6,5,1996,1636,2,3,1.0,2.0,386.0,11,196595.568243212
1938,14137,5,5,1997,1384,2,3,2.0,2.0,404.0,11,194822.365690957
1939,6264,8,5,1997,1682,1,1,2.0,2.0,528.0,7,148356.669440918
1940,5070,8,5,1992,1280,2,2,2.0,2.0,506.0,8,160387.604263899
1941,11184,6,5,1998,1633,2,3,1.0,2.0,460.0,4,181276.500571809
1942,14067,6,5,1991,1709,2,3,2.0,2.0,416.0,9,192474.817899346
1943,5950,8,5,1989,1337,2,2,2.0,2.0,462.0,4,157699.907796437
1944,13543,8,5,2005,2500,3,5,3.0,3.0,683.0,7,215785.540813051
1945,15401,9,5,2004,1884,2,2,3.0,3.0,670.0,9,181824.300998793
1946,31220,6,2,1952,1474,1,3,1.0,2.0,495.0,5,221813.00948166
1947,8118,9,5,2007,1710,2,2,3.0,2.0,557.0,7,165281.292597397
1948,47280,6,5,1950,1488,2,3,1.0,2.0,738.0,7,255629.49047034
1949,12680,7,6,1988,1688,2,2,3.0,2.0,528.0,6,173154.590990955
1950,10825,7,7,1983,1260,2,3,1.0,2.0,598.0,7,183884.65246539
1951,18559,7,5,1978,2064,2,3,2.0,2.0,550.0,8,200210.353608489
1952,14450,7,5,1979,1782,2,3,2.0,2.0,551.0,3,186599.221265342
1953,13068,6,5,1976,1211,2,3,2.0,2.0,461.0,11,192718.532696106
1954,10400,7,6,1988,2044,2,3,1.0,2.0,489.0,3,178628.665952764
1955,9743,5,6,1969,1308,1,3,1.0,2.0,484.0,6,180650.342418406
1956,12511,7,7,1978,2840,2,4,2.0,4.0,1314.0,12,206003.107947263
1957,10400,6,5,1976,1444,2,2,1.0,2.0,473.0,4,166457.67844853
1958,14311,8,5,1996,2340,2,4,2.0,3.0,787.0,6,202916.221653487
1959,9000,5,5,1974,1792,2,4,1.0,2.0,480.0,6,192463.969983091
1960,10295,4,6,1969,936,1,2,1.0,1.0,288.0,9,171775.497189898
1961,7560,5,5,1971,864,1,3,1.0,2.0,576.0,5,175249.222149411
1962,1680,6,5,1973,987,1,2,1.0,1.0,264.0,2,147086.59893993
1963,1890,6,6,1972,987,1,2,1.0,1.0,352.0,4,149709.672100371
1964,1680,5,5,1972,1302,2,3,1.0,1.0,264.0,12,171411.404533743
1965,2308,6,6,1975,1456,2,4,1.0,2.0,460.0,5,178188.964799425
1966,2529,7,6,1977,1055,2,2,1.0,2.0,440.0,9,156491.711373235
1967,12704,8,5,2007,1582,2,3,2.0,3.0,905.0,1,180953.241201168
1968,13693,8,5,2007,2464,2,4,3.0,3.0,650.0,8,203909.759061135
1969,14418,9,5,2007,1950,2,2,3.0,3.0,706.0,5,175470.149087545
1970,13418,9,5,2006,2748,2,4,3.0,3.0,850.0,10,205578.333622415
1971,12539,10,5,2006,2790,2,4,3.0,4.0,1150.0,6,199428.857699441
1972,12151,9,5,2005,2331,2,3,3.0,3.0,1003.0,8,187599.163869476
1973,8899,8,5,2007,2088,2,4,2.0,3.0,656.0,6,192265.198109864
1974,10574,8,5,2004,2332,2,4,3.0,3.0,756.0,7,196666.554897677
1975,12720,10,5,2003,2470,1,1,3.0,3.0,789.0,2,155537.862252682
1976,10845,8,5,2004,1575,2,2,2.0,3.0,732.0,6,169543.240620935
1977,16900,8,5,2002,2649,2,4,2.0,3.0,746.0,1,202487.010170501
1978,16451,8,5,2003,2690,2,4,2.0,3.0,795.0,7,208232.716273485
1979,10110,9,5,2008,1866,2,2,3.0,3.0,870.0,11,173621.195202569
1980,12304,7,5,2005,1367,2,2,2.0,2.0,484.0,6,172414.608571812
1981,8232,9,5,2008,1800,2,2,3.0,3.0,944.0,6,164400.75641556
1982,6240,8,5,2007,1342,2,2,2.0,2.0,550.0,6,160480.424024781
1983,6240,8,5,2007,1342,2,2,2.0,2.0,550.0,2,156060.853810389
1984,2448,7,5,2004,1626,2,2,2.0,2.0,474.0,10,157437.192820581
1985,3940,7,5,2003,1455,2,2,2.0,3.0,644.0,8,158163.720929772
1986,3940,7,5,2004,1576,2,2,2.0,3.0,668.0,5,154849.043268978
1987,3710,7,5,2008,1246,2,2,2.0,2.0,428.0,3,152186.609341561
1988,9024,6,5,2004,1515,2,3,2.0,2.0,393.0,7,180340.215399228
1989,8010,7,5,2003,1720,2,3,2.0,2.0,400.0,7,178344.62451356
1990,8396,7,5,2003,1986,2,4,2.0,2.0,434.0,5,190170.382266827
1991,7301,7,6,2008,1358,2,2,2.0,2.0,484.0,11,168092.975480832
1992,8220,7,5,2001,1892,2,3,1.0,2.0,431.0,7,178757.912566805
1993,7750,7,5,2002,1414,2,3,2.0,2.0,403.0,4,174518.256882082
1994,12460,7,5,2000,2322,2,4,1.0,2.0,400.0,5,198168.490116289
1995,8390,7,5,1999,1651,2,3,1.0,2.0,450.0,5,176882.693978902
1996,9660,8,5,1997,2199,2,3,2.0,2.0,516.0,9,183801.672896251
1997,11000,9,5,2000,2172,2,4,3.0,3.0,687.0,6,196400.046680661
1998,11675,8,5,1998,2006,2,2,2.0,3.0,938.0,7,172281.605004025
1999,10990,7,5,1997,2125,2,4,2.0,2.0,576.0,6,196380.366297173
2000,11929,8,7,1995,2501,2,4,2.0,3.0,751.0,6,198228.354306682
2001,10010,7,5,1994,2197,2,4,2.0,3.0,783.0,7,195556.581268962
2002,13253,7,5,2006,1578,2,3,2.0,3.0,642.0,5,186453.264469043
2003,9801,8,5,2007,1861,3,3,2.0,3.0,851.0,7,181869.381196234
2004,9428,8,5,2008,1874,2,3,2.0,3.0,880.0,2,175610.840124147
2005,10037,8,5,2007,1460,2,3,2.0,2.0,480.0,8,183438.730800145
2006,8640,8,5,2008,1372,2,3,2.0,2.0,588.0,7,179584.488673295
2007,10625,8,5,2007,1660,2,3,2.0,3.0,660.0,6,182386.152242034
2008,7500,7,5,2008,1218,2,2,2.0,2.0,462.0,4,160750.367237054
2009,10110,6,5,2003,1696,2,3,2.0,2.0,542.0,7,182477.505046008
2010,12774,7,5,2004,1663,2,3,2.0,2.0,478.0,7,187720.359207171
2011,13072,6,5,2006,1175,1,3,2.0,0.0,0.0,6,187201.942081511
2012,9260,7,5,2007,1162,2,3,2.0,2.0,483.0,3,176385.102235149
2013,8453,6,5,1995,1609,2,3,2.0,2.0,525.0,4,175901.787841278
2014,8480,6,5,1994,1680,2,3,2.0,2.0,474.0,10,182584.280198283
2015,14565,7,5,1995,1657,2,3,2.0,2.0,483.0,11,195664.686104237
2016,8450,6,5,2001,1677,2,3,2.0,2.0,627.0,9,181420.346494222
2017,8285,7,5,1992,1737,2,3,2.0,2.0,506.0,5,176676.04995228
2018,9100,5,5,1963,984,1,3,1.0,1.0,384.0,8,181594.678867334
2019,8100,5,8,2007,864,1,3,2.0,1.0,420.0,7,178521.747964951
2020,8450,5,5,1968,890,1,3,1.0,1.0,308.0,4,175895.883726231
2021,6360,5,5,1963,864,1,3,1.0,1.0,276.0,1,168468.005916477
2022,19508,6,5,1974,1430,2,3,1.0,2.0,484.0,7,200973.129447888
2023,10759,5,4,1972,1641,2,4,1.0,2.0,490.0,7,197030.641992202
2024,9205,6,5,1991,2683,2,4,2.0,2.0,473.0,6,192867.417844592
2025,11025,9,5,1994,2786,2,4,2.0,2.0,636.0,6,196449.247639381
2026,3435,7,5,2005,1245,2,1,2.0,2.0,495.0,6,141684.196398607
2027,3180,6,5,2005,1200,2,2,2.0,2.0,480.0,5,153353.334123901
2028,3180,7,5,2007,1392,2,2,2.0,2.0,540.0,3,151143.549016705
2029,2280,6,5,1999,1549,2,3,1.0,2.0,440.0,4,163753.087114229
2030,4765,9,5,2000,1638,2,2,3.0,2.0,495.0,7,158682.460013921
2031,4538,9,5,2001,1310,1,1,2.0,2.0,545.0,7,144959.835250915
2032,4385,9,5,2001,1419,1,2,3.0,2.0,588.0,9,160144.390548579
2033,4109,9,5,2000,1557,2,2,3.0,2.0,484.0,6,156286.534303521
2034,2160,7,5,2000,1404,2,3,2.0,2.0,462.0,6,165726.707619571
2035,10646,7,5,2001,1789,2,3,1.0,2.0,546.0,6,182427.481047359
2036,2645,8,5,1999,1586,2,3,2.0,2.0,480.0,12,173310.56154032
2037,2645,8,5,2000,1607,2,3,2.0,2.0,480.0,12,173310.56154032
2038,3951,10,5,1999,2393,2,2,3.0,2.0,846.0,2,151556.01403002
2039,11064,8,5,1995,1239,1,1,2.0,2.0,477.0,8,158908.146068683
2040,24572,9,3,1977,2944,2,3,2.0,3.0,864.0,6,209834.383092536
2041,16280,8,9,2007,1671,3,3,3.0,2.0,550.0,5,192410.516550815
2042,7500,7,5,2002,1812,2,3,1.0,2.0,469.0,4,174026.247294886
2043,11104,6,6,1969,1427,2,4,1.0,2.0,516.0,5,195499.830115336
2044,11050,6,5,1968,1740,1,4,1.0,2.0,512.0,10,200918.018812493
2045,15387,7,7,1967,1620,2,4,2.0,2.0,578.0,8,207243.616023976
2046,9750,5,6,1965,1625,2,4,1.0,2.0,484.0,8,196149.783851876
2047,8814,5,6,1968,1464,1,4,1.0,2.0,470.0,6,192097.914850217
2048,8125,5,7,2005,925,1,3,1.0,2.0,576.0,7,178570.948923671
2049,11072,5,5,1965,1728,2,6,1.0,2.0,576.0,11,228617.968325428
2050,13355,7,6,1971,1670,1,4,1.0,2.0,464.0,5,199929.884438451
2051,7785,5,5,1956,1014,1,2,1.0,1.0,267.0,3,160206.365612859
2052,9900,5,5,1961,1114,1,3,1.0,2.0,451.0,5,179854.431885567
2053,11332,5,7,2000,1118,1,3,2.0,1.0,264.0,8,185987.340461822
2054,4882,4,7,1950,906,1,2,1.0,1.0,231.0,9,161122.505607926
2055,9600,5,6,1960,1496,2,3,2.0,2.0,450.0,2,175949.342720138
2056,9600,5,8,2006,1337,1,3,2.0,1.0,264.0,9,183683.590595324
2057,7584,5,5,1953,1036,1,3,1.0,1.0,312.0,6,176401.34762338
2058,14670,6,7,1999,1988,2,4,2.0,2.0,480.0,8,205832.532527897
2059,8856,5,4,1957,1176,1,3,1.0,1.0,292.0,5,177799.799849436
2060,9840,5,7,1998,1440,2,2,2.0,1.0,480.0,6,167565.362080406
2061,13200,6,6,1958,1570,1,3,1.0,2.0,441.0,5,186348.958436557
2062,10425,5,5,1958,1104,1,3,1.0,1.0,384.0,4,179782.759465081
2063,11556,5,6,1952,882,1,2,2.0,1.0,240.0,5,169837.623333323
2064,9373,5,6,1953,1152,1,3,1.0,2.0,636.0,5,178817.275675758
2065,12774,5,5,1953,950,1,2,1.0,2.0,400.0,7,174444.479149339
2066,14250,6,5,1957,1790,2,3,1.0,2.0,540.0,9,192834.968917174
2067,8838,5,3,1982,1764,2,4,1.0,1.0,301.0,10,196564.717984981
2068,12436,5,5,1957,1824,2,5,1.0,2.0,484.0,1,206977.567039357
2069,10122,4,6,1950,869,1,1,1.0,1.0,390.0,8,157054.253944128
2070,7506,5,8,1950,1159,1,3,1.0,1.0,288.0,5,175142.948078577
2071,5400,4,7,2005,672,1,2,1.0,1.0,308.0,7,159932.1643654
2072,10836,5,5,1950,1436,1,3,1.0,4.0,1488.0,6,182801.408333628
2073,10180,5,6,1968,1044,1,3,1.0,2.0,372.0,6,181510.375176825
2074,11355,7,7,2001,1312,1,3,1.0,2.0,495.0,4,181613.035129451
2075,12929,6,6,1993,1081,1,3,1.0,1.0,401.0,6,186920.512597635
2076,7200,5,7,1951,876,1,2,1.0,2.0,576.0,2,157950.170625222
2077,8000,5,6,1959,1256,1,3,2.0,1.0,311.0,5,176115.159022876
2078,8000,5,5,1962,1027,1,3,1.0,1.0,299.0,11,182744.514344465
2079,8064,6,6,1950,1320,2,3,1.0,2.0,576.0,9,180660.683691591
2080,6390,6,7,1954,984,1,2,1.0,1.0,280.0,6,160775.629777099
2081,7200,6,5,1954,1278,1,4,1.0,1.0,240.0,4,186711.715848082
2082,8513,5,5,1961,1800,2,6,1.0,0.0,0.0,11,223581.758190888
2083,7200,5,6,1967,1588,1,3,1.0,2.0,480.0,3,172330.943236652
2084,7200,5,7,1954,825,1,2,1.0,1.0,350.0,7,163474.633393212
2085,7590,5,5,1963,1117,1,3,1.0,1.0,264.0,5,175308.263299874
2086,9836,6,5,2008,1133,1,3,1.0,1.0,308.0,12,187462.725306432
2087,9184,5,7,2005,1323,1,3,1.0,2.0,400.0,7,180655.101535034
2088,4800,5,5,2003,1360,1,2,1.0,1.0,330.0,1,152121.98603454
2089,4800,5,4,1950,672,1,2,1.0,1.0,256.0,8,159856.233909727
2090,6000,6,7,2005,1456,1,4,2.0,1.0,308.0,6,186559.854936737
2091,11426,4,6,1996,1594,2,3,1.0,0.0,0.0,6,183962.550959411
2092,7628,4,6,1985,1656,2,2,1.0,2.0,440.0,5,162107.168699296
2093,7308,5,5,1950,1740,1,2,3.0,1.0,225.0,6,162582.288981283
2094,5400,7,6,2006,1027,1,2,2.0,0.0,0.0,2,154407.701597409
2095,10800,6,6,1950,1436,2,3,1.0,2.0,828.0,5,181625.666399474
2096,6756,5,6,1950,899,1,2,1.0,1.0,200.0,9,164810.609473548
2097,5914,5,9,1996,1080,1,3,2.0,0.0,0.0,9,176429.401241704
2098,9000,5,6,1950,1499,1,3,1.0,3.0,869.0,6,179188.089925259
2099,7311,2,5,1950,407,1,1,1.0,1.0,297.0,3,145997.635377703
2100,12205,3,1,1992,1588,2,5,1.0,0.0,0.0,12,218676.768270367
2101,9142,5,5,2006,1627,2,4,1.0,2.0,420.0,2,188323.861214226
2102,5350,7,8,1965,1450,1,3,1.0,1.0,288.0,3,168690.0722914
2103,9143,5,7,2003,1017,1,2,1.0,1.0,308.0,5,165088.746797705
2104,9600,5,5,1960,2350,2,4,1.0,2.0,393.0,4,191435.007885166
2105,6000,5,9,2005,1540,1,3,2.0,0.0,0.0,2,168864.404664512
2106,11340,2,1,1950,1086,1,2,1.0,2.0,400.0,11,176041.882371574
2107,10800,7,7,1999,2495,2,5,1.0,2.0,342.0,12,215911.674390325
2108,9750,5,6,1959,984,1,2,0.0,1.0,308.0,6,167388.238629016
2109,8516,4,6,2006,1093,1,2,1.0,1.0,308.0,5,163854.786753017
2110,7111,5,7,1983,1143,1,2,1.0,1.0,288.0,7,163299.477980171
2111,7425,7,7,1950,1668,1,3,2.0,1.0,252.0,8,178298.214633119
2112,7010,5,5,1950,1738,2,3,1.0,1.0,240.0,7,176376.586164775
2113,5000,5,7,2006,1210,1,3,2.0,1.0,240.0,5,170211.043976522
2114,5870,6,9,2000,1290,1,3,1.0,1.0,200.0,4,170818.344786366
2115,6000,6,7,1989,1672,1,3,2.0,1.0,240.0,7,174388.867432503
2116,6000,5,7,2003,949,1,2,1.0,2.0,370.0,7,161112.987374671
2117,6000,6,7,2000,1497,2,3,1.0,1.0,672.0,5,172179.082325307
2118,6000,6,5,1950,1342,2,2,1.0,1.0,240.0,4,157798.309713876
2119,5000,6,7,1950,1013,1,3,1.0,1.0,160.0,4,169106.151422924
2120,5520,5,7,1997,1216,1,3,1.0,1.0,355.0,4,170129.531364292
2121,5940,4,7,1950,896,1,2,1.0,1.0,280.0,4,157680.227412949
2122,6240,4,7,1950,1136,1,2,1.0,1.0,336.0,8,162690.209131977
2123,6120,5,6,1995,808,1,1,1.0,1.0,164.0,6,146968.379365095
2124,6240,7,5,1950,2009,2,4,1.0,2.0,400.0,1,181507.721372455
2125,6120,5,5,1950,1902,2,4,1.0,2.0,576.0,10,191215.589752983
2126,9144,6,4,2004,1716,2,4,2.0,2.0,672.0,3,189432.689844522
2127,8094,6,8,1983,1984,2,5,1.0,1.0,360.0,9,207271.484957719
2128,4347,6,8,1950,1609,1,3,1.0,1.0,228.0,6,170030.807488363
2129,6291,6,6,1950,768,1,1,1.0,2.0,440.0,7,148409.806476335
2130,10266,6,6,1952,1536,1,4,1.0,1.0,308.0,5,193850.613979055
2131,6876,6,6,1958,1969,2,4,1.0,2.0,400.0,11,193808.319298263
2132,10320,5,6,1978,1308,2,2,1.0,2.0,400.0,4,166300.235380627
2133,7200,6,7,1992,1040,1,2,1.0,2.0,320.0,7,163474.633393212
2134,7006,6,6,1950,1236,2,3,1.0,1.0,384.0,8,177473.606564978
2135,10320,5,8,1991,759,1,1,1.0,2.0,576.0,8,157443.925537187
2136,10320,3,3,1950,1344,2,3,1.0,0.0,0.0,5,180681.007992057
2137,9488,5,6,1993,1054,1,3,1.0,1.0,240.0,9,183463.17030026
2138,11235,5,6,1963,1075,1,3,2.0,2.0,440.0,5,182481.763081195
2139,13014,6,5,1978,1096,1,3,1.0,2.0,484.0,12,193717.15117887
2140,10265,5,7,2005,992,1,3,2.0,1.0,294.0,7,182782.55099007
2141,7703,6,8,1978,1034,1,3,1.0,2.0,504.0,5,175530.651633287
2142,9981,5,5,1967,1073,1,3,1.0,1.0,270.0,3,177804.057884623
2143,7400,5,5,1984,1126,1,2,1.0,2.0,506.0,3,159448.670848577
2144,12900,5,4,1950,1140,1,3,1.0,2.0,400.0,1,181338.976717529
2145,9239,5,8,2003,960,1,3,2.0,1.0,300.0,5,178553.558537021
2146,14175,6,8,1956,1188,1,1,1.0,2.0,621.0,6,162820.928264556
2147,10532,5,3,1960,1721,2,3,1.0,2.0,626.0,12,188832.479997186
2148,8375,5,7,1973,1350,1,2,2.0,3.0,627.0,6,164682.185899437
2149,10200,5,8,1970,904,1,3,2.0,3.0,912.0,6,181549.735943801
2150,20270,7,6,1979,1524,2,3,1.0,2.0,478.0,4,199158.097008868
2151,5190,7,5,1950,1079,1,2,1.0,1.0,249.0,1,152889.520990566
2152,19550,5,7,2007,1518,1,2,0.0,0.0,0.0,1,181150.551679116
2153,9571,5,6,1956,1509,1,3,2.0,1.0,322.0,7,181416.732376013
2154,9350,5,5,1975,864,1,2,1.0,0.0,0.0,4,164391.238182305
2155,9360,6,8,2001,1269,1,3,1.0,1.0,280.0,11,185421.046498812
2156,9771,6,5,2002,2814,2,4,2.0,2.0,614.0,6,193981.327550004
2157,9938,7,5,1994,1626,2,3,2.0,2.0,534.0,4,178824.324789223
2158,14171,7,5,1994,2200,2,4,2.0,2.0,453.0,12,209270.051606246
2159,10541,7,5,1996,2037,2,3,2.0,2.0,472.0,2,177801.266806344
2160,10616,7,5,2007,1356,2,3,2.0,2.0,484.0,3,179053.762236101
2161,9345,8,5,2007,1615,2,3,2.0,3.0,864.0,5,178762.170601992
2162,11778,9,5,2008,2276,2,3,3.0,3.0,1348.0,6,184655.300458183
2163,11778,9,5,2008,1766,2,3,3.0,3.0,874.0,12,191284.655779772
2164,11454,8,5,1995,1511,2,3,2.0,3.0,811.0,2,179598.085818785
2165,11500,6,6,1966,1643,2,2,1.0,2.0,438.0,3,167517.628078595
2166,9750,5,7,1994,990,1,3,1.0,2.0,528.0,8,182873.903794044
2167,8696,7,5,1998,1418,2,3,2.0,2.0,558.0,5,177484.91371363
2168,13142,6,5,1997,1771,2,3,2.0,2.0,600.0,7,188444.597319524
2169,8998,7,5,2000,1652,2,3,2.0,2.0,532.0,6,179184.153848562
2170,12192,7,5,2001,1823,2,3,2.0,2.0,626.0,5,184365.175780982
2171,12250,5,6,1978,1174,1,3,1.0,2.0,528.0,5,184479.322005212
2172,9216,5,6,1975,1076,1,3,1.0,2.0,576.0,9,182927.863869391
2173,14330,5,6,2001,1558,2,2,1.0,2.0,440.0,8,178611.639373646
2174,10400,7,5,2001,2161,2,3,2.0,2.0,570.0,6,181943.343613558
2175,9720,9,5,2002,1947,2,3,2.0,3.0,725.0,1,175080.614768394
2176,14860,8,5,2003,1786,2,3,2.0,3.0,715.0,6,190720.794649138
2177,10905,7,5,2003,2327,2,4,2.0,2.0,596.0,8,198422.868144723
2178,11690,8,5,2000,1764,2,3,2.0,2.0,560.0,6,184482.11308349
2179,4426,6,5,2004,848,1,1,2.0,2.0,420.0,2,139214.952187861
2180,10126,6,5,1998,1838,2,2,1.0,3.0,721.0,7,169233.113601757
2181,9750,7,5,2004,1445,2,3,2.0,2.0,470.0,6,180664.118686848
2182,11058,7,6,2007,1564,2,3,2.0,3.0,814.0,2,178818.742632666
2183,9627,7,5,2007,1361,2,3,2.0,2.0,610.0,6,180422.049969947
2184,9825,5,5,1966,1092,1,3,1.0,1.0,264.0,4,178601.93645581
2185,12102,5,5,1976,1033,1,3,1.0,2.0,504.0,4,183083.159775993
2186,6500,6,6,1976,1127,1,3,1.0,2.0,480.0,5,173163.101499699
2187,9638,6,6,1977,1117,1,3,1.0,2.0,542.0,11,185968.161159774
2188,7200,6,7,2001,1398,1,3,1.0,2.0,440.0,2,171226.050683054
2189,47007,5,7,1996,3820,3,5,3.0,2.0,624.0,7,281643.976116786
2190,6012,4,5,1955,1152,2,2,1.0,0.0,0.0,6,160031.711281258
2191,6845,4,5,1955,1152,2,2,1.0,0.0,0.0,7,162775.979779394
2192,6931,4,5,1955,784,1,2,1.0,0.0,0.0,5,160735.445970193
2193,12180,5,7,2007,1053,1,2,3.0,0.0,0.0,1,166646.109048572
2194,8050,5,8,1993,1137,1,4,1.0,0.0,0.0,4,188384.548444549
2195,9520,4,5,1953,930,1,2,1.0,1.0,286.0,5,165830.697255197
2196,7692,4,6,1954,1204,1,3,1.0,1.0,312.0,11,182138.358533039
2197,5142,4,7,2008,1292,1,3,2.0,1.0,205.0,6,171595.397975647
2198,7290,7,8,1950,1424,2,2,1.0,1.0,312.0,4,160337.079183809
2199,7804,6,7,1950,1920,2,4,1.0,2.0,480.0,7,191215.088671543
2200,8969,6,6,1950,1316,1,2,1.0,1.0,369.0,7,166956.093232213
2201,15564,6,6,1995,1264,1,3,1.0,2.0,400.0,1,186581.830878692
2202,7609,8,9,1997,1512,2,3,2.0,1.0,180.0,6,176450.548582099
2203,9650,6,3,1950,1603,1,4,1.0,2.0,599.0,6,193743.194909801
2204,11700,5,6,1995,1938,2,4,2.0,1.0,240.0,7,198882.566078408
2205,9260,5,4,1950,1374,1,3,1.0,1.0,225.0,3,176385.102235149
2206,7801,6,5,1951,1091,1,2,1.0,1.0,344.0,5,162447.639333636
2207,9670,8,6,1950,1873,1,4,1.0,2.0,786.0,6,193782.555676777
2208,12392,7,9,2000,2161,2,3,2.0,2.0,506.0,4,183653.890897141
2209,26073,5,5,1956,1898,2,3,1.0,2.0,484.0,4,210578.623546866
2210,1879,6,6,1980,1032,1,2,1.0,2.0,462.0,12,158527.164107319
2211,7000,6,8,1998,919,1,2,1.0,1.0,195.0,7,163081.025723456
2212,6000,6,8,2006,1090,1,3,1.0,1.0,240.0,7,174388.867432503
2213,8155,5,7,1950,1200,1,4,1.0,0.0,0.0,7,191905.870131966
2214,6000,5,5,1967,1656,1,3,1.0,1.0,288.0,7,174388.867432503
2215,7392,5,7,1995,912,1,2,1.0,1.0,360.0,5,161642.711648983
2216,9000,5,5,1958,1955,2,4,1.0,1.0,356.0,1,186939.507215101
2217,14584,1,5,1952,733,1,2,0.0,2.0,487.0,2,172482.165792649
2218,5280,4,7,1950,1361,1,2,1.0,1.0,185.0,7,159695.999763546
2219,5150,4,7,2000,1049,1,2,1.0,1.0,195.0,5,157230.369671007
2220,9000,4,6,1950,864,1,3,0.0,1.0,216.0,6,179188.089925259
2221,3843,8,5,2008,1648,2,2,3.0,2.0,525.0,8,157972.82120994
2222,3811,7,5,2005,1646,2,2,3.0,2.0,482.0,7,156804.951429181
2223,23730,7,5,1997,2032,3,3,2.0,3.0,786.0,9,211491.972463654
2224,11050,7,5,1997,1820,2,3,2.0,3.0,816.0,9,186537.246201062
2225,10260,5,4,1976,1872,2,4,1.0,2.0,484.0,11,200468.161070551
2226,9990,4,5,1991,1689,2,3,1.0,2.0,432.0,7,182241.340444154
2227,4084,7,6,1986,1501,2,2,2.0,2.0,512.0,7,157342.225898399
2228,11563,8,5,2007,1537,2,3,2.0,3.0,788.0,4,182022.387105998
2229,12852,8,5,2007,1780,2,3,2.0,2.0,612.0,1,181244.510876788
2230,9802,5,5,2007,1442,2,3,1.0,2.0,400.0,4,178556.671573788
2231,12018,7,5,2008,1612,2,3,2.0,3.0,666.0,10,189547.199876284
2232,12890,6,5,1989,1495,2,3,1.0,2.0,438.0,7,187948.65165563
2233,18265,6,5,1986,1256,2,3,2.0,2.0,578.0,3,194107.287565956
2234,11202,8,5,2003,1440,2,3,2.0,2.0,467.0,6,183521.710369283
2235,7915,6,5,2000,1675,2,3,2.0,2.0,435.0,12,183682.123638416
2236,11449,8,5,2007,1728,2,3,2.0,2.0,520.0,1,178483.353073443
2237,11447,8,5,2006,1964,2,3,2.0,3.0,892.0,6,184003.879764736
2238,8940,7,5,1998,1344,2,2,1.0,4.0,784.0,11,171318.59033449
2239,9278,5,5,2008,1092,1,2,1.0,0.0,0.0,2,162039.754313997
2240,4500,6,5,1997,1189,2,2,1.0,2.0,392.0,4,154846.252190699
2241,14137,4,5,1964,1200,1,3,1.0,3.0,850.0,11,194822.365690957
2242,4224,5,6,1975,1040,1,3,1.0,2.0,499.0,6,169788.738771463
2243,2665,5,7,1976,1475,2,4,1.0,1.0,336.0,5,178891.554489941
2244,1974,4,7,2006,988,1,2,1.0,1.0,297.0,6,152084.772428865
2245,1596,4,6,1973,988,1,1,1.0,1.0,297.0,7,139169.86642879
2246,17979,5,6,1968,1160,1,3,2.0,1.0,257.0,2,192439.536044606
2247,1477,6,9,2007,1092,2,3,1.0,0.0,0.0,3,161067.859766557
2248,6490,5,7,1983,816,1,2,1.0,1.0,264.0,4,158762.648504781
2249,6600,5,6,2005,845,1,3,2.0,1.0,264.0,7,175569.690441774
2250,12395,5,6,1984,889,1,3,1.0,2.0,484.0,4,183659.795012187
2251,56600,5,1,1950,1836,2,4,1.0,1.0,288.0,1,280618.132617258
2252,10667,6,6,1971,1587,2,3,1.0,2.0,525.0,3,180051.809151659
2253,8872,6,5,1997,1384,2,3,1.0,2.0,390.0,3,176519.18031559
2254,10147,6,5,1994,1694,2,3,1.0,2.0,398.0,3,179028.429210291
2255,8637,6,5,2000,1714,2,3,1.0,2.0,451.0,4,177161.583857224
2256,7875,7,5,1996,1553,2,3,2.0,2.0,420.0,8,180081.508849842
2257,7500,6,5,2003,2299,3,5,1.0,2.0,482.0,8,205895.254584712
2258,9556,7,5,1993,1187,2,3,2.0,2.0,420.0,8,183389.78131415
2259,7655,6,5,1994,1642,2,3,1.0,2.0,392.0,7,178543.647859512
2260,18160,6,6,1964,1128,1,3,1.0,2.0,480.0,3,194798.320499104
2261,4740,8,5,1988,1179,2,2,1.0,2.0,480.0,10,162845.613675766
2262,5118,8,5,1990,1321,1,1,2.0,2.0,484.0,8,148103.867006579
2263,12328,8,5,2005,2541,3,4,3.0,3.0,729.0,7,201016.171121215
2264,51974,9,5,2007,2338,2,4,2.0,3.0,1110.0,6,277936.12694354
2265,41600,5,5,1990,1424,1,3,1.0,3.0,828.0,11,249768.279823405
2266,8035,9,5,2006,1612,2,2,3.0,2.0,556.0,3,161596.052159825
2267,14082,8,5,2006,2234,1,1,2.0,2.0,724.0,1,158011.114889899
2268,13870,10,5,2007,2042,2,3,3.0,3.0,724.0,10,194089.683858004
2269,10960,6,5,1984,1284,2,3,1.0,2.0,480.0,4,181733.336941451
2270,12090,7,7,2003,1479,2,3,2.0,2.0,484.0,3,182852.32772198
2271,12299,7,6,1985,1664,2,3,2.0,2.0,663.0,9,189893.003058465
2272,11339,7,5,1979,1930,2,4,2.0,2.0,481.0,3,194650.210979875
2273,11850,6,6,1984,1177,2,3,2.0,2.0,495.0,8,187904.461286262
2274,10400,6,5,1999,1353,2,2,1.0,2.0,478.0,8,171774.925622692
2275,13001,6,5,1971,1220,2,2,1.0,2.0,944.0,9,177998.685921479
2276,8991,7,6,1976,1324,2,3,2.0,2.0,585.0,2,175648.484325498
2277,8000,6,6,1974,1877,2,4,1.0,2.0,488.0,11,196918.071362067
2278,9457,5,6,1990,1422,1,3,1.0,2.0,576.0,9,184299.838071218
2279,7920,5,5,2002,914,1,3,3.0,1.0,368.0,10,182379.855682734
2280,17199,4,7,1961,914,1,2,1.0,1.0,270.0,7,184050.725802482
2281,4113,6,5,2001,1337,2,2,2.0,2.0,511.0,7,158296.975970284
2282,10943,6,5,1998,1337,2,2,2.0,2.0,522.0,10,175053.355553278
2283,2205,6,6,1973,1092,1,3,1.0,1.0,264.0,2,162293.376090644
2284,2058,6,5,1973,1218,1,4,3.0,1.0,264.0,12,186328.880047186
2285,2304,7,7,1978,1055,2,2,1.0,1.0,319.0,4,151422.116936538
2286,7150,5,6,1966,988,1,3,1.0,1.0,360.0,11,181969.358707768
2287,12469,9,5,2007,1816,2,3,3.0,3.0,730.0,8,189122.67702416
2288,11825,8,5,2007,1694,2,3,2.0,3.0,856.0,6,185645.475220346
2289,14333,8,5,2007,2122,2,2,2.0,3.0,938.0,11,182829.898109257
2290,13641,9,5,2007,2656,2,3,3.0,3.0,1040.0,12,195848.788183328
2291,13440,8,5,2007,2550,2,4,3.0,3.0,670.0,3,198785.059550672
2292,15431,10,5,2006,2046,2,2,3.0,3.0,878.0,8,181676.126555428
2293,13891,9,5,2007,2552,2,3,3.0,3.0,932.0,10,194131.012663328
2294,13654,9,5,2006,2758,2,4,3.0,3.0,814.0,5,201416.004864508
2295,17169,10,5,2007,2290,2,2,3.0,3.0,1174.0,8,185096.577205616
2296,16659,8,5,2008,2152,2,3,2.0,2.0,728.0,6,195158.972598372
2297,9709,8,5,2007,2100,2,3,3.0,3.0,786.0,9,184795.783735112
2298,13615,9,5,2006,1802,2,3,3.0,3.0,843.0,6,189168.263864671
2299,13069,8,5,2004,2956,2,5,3.0,3.0,916.0,8,216855.260149095
2300,14277,8,5,2003,2385,2,3,2.0,3.0,818.0,1,184946.642483576
2301,12568,8,5,2007,1818,2,3,3.0,3.0,774.0,8,189317.51282069
2302,9926,7,5,2006,1614,2,3,2.0,3.0,878.0,5,180803.277842406
2303,9254,8,5,2005,1721,2,3,2.0,2.0,554.0,1,175061.18585763
2304,10732,8,5,2007,1828,2,3,2.0,3.0,876.0,2,179074.839090732
2305,3901,6,5,2006,1302,1,1,2.0,2.0,631.0,8,145708.764336107
2306,3903,6,5,2006,1302,1,1,2.0,2.0,631.0,5,142398.022752011
2307,6289,6,5,2006,1362,2,2,2.0,2.0,460.0,6,161474.534863641
2308,4590,8,5,2006,1554,2,2,2.0,2.0,627.0,5,157025.945155458
2309,7841,9,5,2005,1577,2,2,3.0,2.0,564.0,5,163424.037827357
2310,6240,8,5,2006,1324,2,2,2.0,2.0,550.0,9,164692.778645345
2311,3242,7,5,2003,1405,2,2,2.0,2.0,478.0,3,152163.2443541
2312,15810,6,5,2007,1496,3,3,2.0,2.0,572.0,5,192383.215486656
2313,10237,6,5,2006,1536,2,3,2.0,2.0,400.0,6,182520.230322476
2314,13204,7,5,2007,1458,2,3,2.0,2.0,454.0,5,187254.507549722
2315,8857,6,5,2006,1495,2,3,2.0,2.0,440.0,3,176489.659740359
2316,9729,6,5,2007,1746,2,3,2.0,3.0,350.0,6,181520.466841293
2317,12216,6,5,2005,1326,2,3,2.0,2.0,388.0,6,186414.978214721
2318,8229,6,5,2007,1504,2,3,2.0,2.0,440.0,12,185197.764639705
2319,7713,7,5,2007,1456,2,3,2.0,2.0,400.0,7,178657.794083741
2320,7697,7,6,2007,1258,2,3,2.0,2.0,462.0,8,179731.198023759
2321,3621,8,5,2003,1589,2,2,2.0,3.0,630.0,11,161748.271317074
2322,3710,7,5,2007,1266,2,2,2.0,2.0,388.0,8,158608.749069322
2323,16219,7,5,2005,1119,2,2,2.0,2.0,437.0,4,178807.370559878
2324,11084,7,5,2004,1374,2,3,2.0,2.0,400.0,6,184187.158803897
2325,10936,7,5,2006,1525,2,3,2.0,2.0,534.0,4,181686.10402108
2326,11950,7,5,2003,1394,2,3,2.0,2.0,400.0,10,190311.050228337
2327,7875,7,5,2003,1948,2,4,2.0,2.0,434.0,7,192252.496354076
2328,8740,7,5,2002,1995,2,4,2.0,2.0,435.0,7,193954.849525775
2329,9487,6,5,2000,1690,2,3,1.0,2.0,442.0,6,181044.201560887
2330,9649,6,5,2000,1644,2,3,1.0,2.0,460.0,5,180258.131219792
2331,12191,8,5,1998,2551,2,4,2.0,3.0,925.0,6,199641.657313834
2332,10557,9,5,1998,3078,2,4,2.0,3.0,806.0,7,197530.775205517
2333,11002,8,5,1999,2582,2,4,2.0,3.0,758.0,1,191777.196949138
2334,10790,7,5,1998,2385,2,4,2.0,3.0,600.0,5,195779.543033588
2335,11762,8,5,1993,2202,2,4,2.0,2.0,517.0,9,202112.046522999
2336,9044,8,5,1997,2538,2,4,2.0,3.0,933.0,5,192343.34807661
2337,9910,7,6,2007,1369,2,3,2.0,2.0,605.0,9,185191.359443218
2338,11830,8,5,2007,1542,2,3,2.0,3.0,852.0,7,186760.207965688
2339,10612,8,5,2006,1534,2,3,2.0,2.0,484.0,1,177733.78193528
2340,12291,10,5,2007,1966,2,1,3.0,3.0,1092.0,10,164430.391189608
2341,9965,7,5,2007,1528,3,3,2.0,2.0,480.0,9,185299.601552401
2342,8847,8,5,2005,1538,2,3,2.0,2.0,484.0,12,186414.012339254
2343,8251,7,5,2006,1506,2,3,2.0,2.0,672.0,4,176401.921054593
2344,9605,7,5,2006,1977,2,3,2.0,3.0,574.0,7,182381.322639642
2345,8778,8,5,2006,1830,2,3,2.0,3.0,859.0,3,176334.184710805
2346,8640,8,5,2007,1338,2,3,2.0,2.0,598.0,11,184901.735847457
2347,9000,7,5,2007,1335,2,3,2.0,2.0,575.0,6,180085.766885029
2348,8640,8,5,2007,1792,2,3,2.0,2.0,590.0,11,184901.735847457
2349,10411,5,5,2007,1588,3,3,2.0,2.0,561.0,7,183967.561548763
2350,12217,8,5,2007,1880,2,3,3.0,3.0,880.0,12,193046.301574659
2351,10440,8,5,2007,1584,2,2,3.0,2.0,594.0,5,168538.969495849
2352,11824,8,5,2006,1685,2,2,2.0,3.0,658.0,4,170157.842016969
2353,10625,6,5,2004,2443,2,4,2.0,3.0,744.0,6,196559.709259637
2354,7500,6,5,2007,1100,1,3,1.0,0.0,0.0,6,177133.709361852
2355,7500,7,5,2006,1143,1,3,2.0,0.0,0.0,10,181553.279576244
2356,12450,5,5,2004,1094,1,3,2.0,2.0,576.0,5,185770.606634739
2357,7441,7,5,2006,1486,2,3,2.0,2.0,566.0,6,177017.595099274
2358,11613,6,5,1997,1820,2,3,2.0,2.0,492.0,5,184123.358536806
2359,8012,6,5,1980,1266,1,2,1.0,1.0,283.0,7,165970.357492196
2360,6285,5,5,1977,894,1,2,1.0,1.0,308.0,3,158151.985049452
2361,7476,5,7,1968,1040,1,3,1.0,2.0,686.0,6,177086.476441481
2362,19522,7,5,1990,2503,2,3,2.0,2.0,564.0,2,196373.896176551
2363,10751,5,5,1974,1037,1,2,1.0,2.0,431.0,8,172465.707083115
2364,12712,6,7,2006,1055,1,2,2.0,2.0,542.0,1,168590.782409896
2365,4379,8,5,2004,1378,2,2,2.0,2.0,540.0,7,158820.474171061
2366,3523,8,5,2007,1151,2,2,2.0,2.0,484.0,2,151611.37057651
2367,3784,8,5,2007,1565,2,2,2.0,2.0,476.0,2,152125.028585543
2368,3606,7,5,2007,1352,2,2,2.0,2.0,466.0,8,158404.073081048
2369,5330,8,5,2007,1550,2,2,2.0,2.0,528.0,7,160692.078640755
2370,2280,6,5,1999,1501,2,3,1.0,2.0,440.0,9,170175.22684199
2371,2117,6,5,2000,1573,2,3,2.0,2.0,440.0,9,169854.436591138
2372,7321,7,5,2000,1358,2,3,2.0,2.0,625.0,12,183410.785819008
2373,8010,8,5,2004,2048,2,3,2.0,2.0,552.0,8,180347.194026928
2374,8413,8,5,1998,2362,2,3,2.0,2.0,1105.0,6,178930.528374292
2375,9466,8,5,1995,1494,1,1,2.0,2.0,478.0,5,153346.220086301
2376,12000,7,6,1980,2362,2,3,2.0,2.0,546.0,3,182675.204270589
2377,17778,8,5,1981,2497,2,2,2.0,2.0,676.0,3,180770.649792036
2378,11700,6,6,1968,1152,1,3,1.0,2.0,412.0,9,188714.148087543
2379,8000,6,6,1970,2411,2,4,1.0,2.0,570.0,6,191393.608594076
2380,8723,6,6,1969,1082,1,3,1.0,2.0,480.0,1,174016.157494425
2381,11700,6,5,1968,1295,1,3,1.0,2.0,528.0,4,183189.685319552
2382,11358,7,7,1987,1610,2,3,2.0,2.0,515.0,5,183621.508757866
2383,9547,7,6,1993,1594,2,2,2.0,2.0,472.0,7,168991.29635758
2384,10530,7,6,1993,2075,2,3,2.0,2.0,473.0,8,185306.650665866
2385,10738,6,7,1966,1093,2,3,1.0,2.0,484.0,11,189030.680303208
2386,10800,6,5,1963,1052,1,3,1.0,1.0,311.0,2,179208.665698449
2387,8050,5,6,1993,1107,1,3,2.0,1.0,308.0,3,174901.452792889
2388,10899,4,5,1964,1224,2,2,1.0,3.0,530.0,4,168337.406544343
2389,7450,5,5,1956,1074,1,2,2.0,2.0,396.0,1,158234.96461859
2390,14357,5,5,1961,1187,1,2,1.0,2.0,440.0,8,179562.453368834
2391,8243,5,7,1961,964,1,3,1.0,2.0,784.0,2,174176.391640607
2392,8680,5,7,1960,894,1,3,1.0,1.0,312.0,1,173931.531845427
2393,8800,7,6,1966,1200,2,3,1.0,2.0,440.0,10,184111.729429665
2394,9200,6,5,1965,1042,2,3,1.0,2.0,440.0,5,179374.482001188
2395,8800,6,7,1997,2154,2,5,1.0,2.0,539.0,7,207348.811884535
2396,11382,6,5,1964,1374,1,3,1.0,1.0,286.0,8,186983.419339031
2397,22002,6,7,1991,1652,1,3,2.0,2.0,510.0,7,206779.094049527
2398,12172,5,7,1996,908,1,2,1.0,2.0,512.0,10,177472.074683935
2399,5000,3,3,1950,666,1,2,2.0,0.0,0.0,4,156727.948324862
2400,3500,3,5,1950,670,1,2,0.0,0.0,0.0,7,157090.568462479
2401,5175,5,8,2000,808,1,2,1.0,1.0,308.0,7,160387.032696693
2402,9600,5,6,1955,1150,1,2,1.0,1.0,288.0,10,172410.28005086
2403,8668,5,5,1968,1560,2,4,1.0,3.0,792.0,5,191603.365657467
2404,10050,5,6,1966,1280,2,3,1.0,2.0,432.0,6,182152.207151253
2405,9600,6,5,1961,1254,1,3,1.0,2.0,525.0,5,180161.697340702
2406,8760,6,7,1999,936,1,2,2.0,1.0,315.0,9,169652.235284283
2407,6860,5,6,1956,1008,1,3,0.0,1.0,308.0,12,182503.520140218
2408,8250,5,7,1963,1053,1,3,2.0,2.0,692.0,7,179714.630677039
2409,9100,5,5,1960,1144,1,3,1.0,1.0,336.0,6,180282.570719908
2410,9736,6,6,1969,1721,1,4,1.0,2.0,464.0,4,192600.338060371
2411,9770,5,5,1957,922,1,2,1.0,1.0,308.0,4,166115.491248565
2412,12198,5,6,1975,1411,1,3,1.0,1.0,310.0,6,186379.553524443
2413,10050,5,5,1955,1216,1,3,1.0,1.0,336.0,8,184361.992258449
2414,11556,5,9,2006,1154,1,3,3.0,1.0,336.0,7,186220.965458121
2415,8078,5,5,1958,1560,2,4,1.0,2.0,484.0,12,198176.47090687
2416,10950,6,6,1952,948,1,2,1.0,2.0,410.0,4,168437.776500131
2417,7942,6,7,1953,1040,1,3,1.0,1.0,293.0,6,178003.582312015
2418,8540,5,8,2003,925,1,3,2.0,1.0,252.0,6,179180.469244588
2419,7150,4,4,1955,1540,1,4,0.0,1.0,352.0,8,191930.561104806
2420,8400,5,5,1955,925,1,3,1.0,1.0,390.0,3,175590.266214964
2421,9532,4,6,1953,1647,1,3,1.0,1.0,280.0,2,176713.19307219
2422,15783,5,5,1952,924,1,2,1.0,1.0,420.0,6,180159.090947005
2423,14190,4,7,2006,1544,2,3,1.0,0.0,0.0,4,188090.100808026
2424,12099,5,6,2004,1728,1,3,1.0,1.0,371.0,6,186184.717727913
2425,21281,5,4,2007,3086,3,4,2.0,3.0,1200.0,11,223055.588672278
2426,10284,4,7,1993,1281,2,1,1.0,2.0,580.0,8,158270.753116401
2427,10800,5,9,1999,1534,1,3,2.0,0.0,0.0,7,184733.12846644
2428,10090,7,5,1999,1651,2,4,1.0,1.0,276.0,10,199926.378957429
2429,8700,5,7,1961,888,1,3,1.0,1.0,240.0,2,175075.785166001
2430,8300,6,6,1968,952,1,3,1.0,1.0,288.0,8,180917.925148076
2431,7200,5,3,1950,1238,1,3,1.0,1.0,357.0,11,182067.760625207
2432,7500,5,7,2003,1040,1,3,2.0,1.0,286.0,7,178238.60191545
2433,7315,5,6,1958,1170,1,3,1.0,1.0,338.0,3,173454.944606532
2434,7903,5,5,1960,1242,1,3,1.0,1.0,324.0,5,176821.936262814
2435,8000,5,5,1960,1377,1,3,1.0,1.0,351.0,11,183642.191304235
2436,7000,5,6,1961,925,1,3,1.0,1.0,300.0,7,177254.582741058
2437,6600,5,5,1962,864,1,2,1.0,1.0,294.0,12,168715.950111702
2438,6760,5,5,1962,936,1,3,1.0,1.0,288.0,10,180096.931198144
2439,6978,5,7,1980,960,1,2,1.0,2.0,576.0,4,160620.728178758
2440,6000,6,6,1950,1296,1,3,1.0,2.0,576.0,7,175286.544392273
2441,4480,5,5,1950,1022,1,2,0.0,1.0,184.0,2,153494.783276297
2442,3153,5,6,1990,967,1,2,1.0,1.0,180.0,7,156407.65915545
2443,7200,5,8,1950,1072,1,2,1.0,2.0,379.0,5,162162.525245786
2444,9000,5,8,2006,1174,1,2,2.0,2.0,576.0,6,166809.886827197
2445,5925,4,6,1950,1141,1,3,1.0,1.0,252.0,5,172929.156408918
2446,9639,4,8,1950,1798,2,4,1.0,2.0,342.0,5,193514.330894137
2447,10337,8,9,1999,1772,2,3,2.0,2.0,816.0,5,181612.141603756
2448,9863,6,6,1950,1642,1,4,1.0,1.0,374.0,3,191745.386377068
2449,4571,5,7,1950,1232,1,3,1.0,2.0,480.0,6,171369.325038261
2450,8398,6,8,1990,1650,2,3,1.0,2.0,468.0,11,184425.470567051
2451,3600,5,7,2005,1358,1,3,2.0,1.0,336.0,7,170563.252355189
2452,13500,7,8,1987,2454,2,3,1.0,2.0,576.0,2,184522.369240168
2453,8626,4,6,1956,968,1,2,1.0,1.0,331.0,5,164968.947931153
2454,11800,4,7,2002,1382,2,1,1.0,1.0,384.0,5,157939.621592364
2455,6854,5,7,1994,1060,1,1,1.0,1.0,308.0,8,151520.381580069
2456,8674,5,6,1950,1435,1,3,1.0,1.0,308.0,3,176129.508722531
2457,6125,5,7,1998,1274,2,3,1.0,1.0,224.0,3,171112.978971478
2458,6000,6,6,1950,1232,1,3,1.0,1.0,217.0,2,169762.081624282
2459,6120,5,7,1950,884,1,2,1.0,1.0,240.0,7,162246.828936295
2460,6240,6,5,1950,1409,1,3,1.0,2.0,528.0,3,171339.303381589
2461,6240,5,8,1952,1322,1,4,1.0,1.0,280.0,7,189034.753653813
2462,6240,5,7,1992,1426,1,3,1.0,1.0,230.0,7,175758.873595981
2463,6120,5,6,1950,1281,1,2,2.0,2.0,379.0,8,163351.721489893
2464,7755,6,8,1995,2264,2,4,1.0,1.0,408.0,5,189806.546645026
2465,8850,6,7,1950,1376,1,3,2.0,2.0,576.0,2,175370.990918319
2466,8550,5,5,1950,1316,1,4,1.0,2.0,576.0,10,196895.599900301
2467,5700,7,6,1990,1344,1,3,2.0,2.0,456.0,9,176905.917994834
2468,5680,5,4,1950,1173,2,3,1.0,1.0,240.0,9,176866.557227858
2469,5680,5,3,1950,1214,1,2,1.0,1.0,216.0,9,163590.677170026
2470,13200,6,6,1963,2294,3,5,1.0,2.0,658.0,4,212693.502958393
2471,9780,7,9,2005,1952,1,4,2.0,1.0,299.0,4,192686.931747717
2472,10320,6,5,1950,2180,1,3,1.0,2.0,720.0,5,181578.684951827
2473,4330,4,6,1958,1315,2,3,1.0,2.0,436.0,2,166475.457581812
2474,10320,4,1,1950,1484,2,3,1.0,1.0,264.0,9,185998.255166219
2475,12888,7,8,1980,2267,1,3,1.0,2.0,498.0,4,185527.714877908
2476,4484,5,6,1979,1282,1,2,1.0,1.0,240.0,7,159027.118197683
2477,11235,5,5,1963,999,1,3,1.0,1.0,308.0,3,181169.654933769
2478,11235,5,5,1980,1452,1,2,1.0,2.0,572.0,11,176732.915304722
2479,14299,4,3,1964,1005,1,3,1.0,2.0,440.0,7,191619.294648838
2480,14149,5,8,2001,1020,2,3,1.0,2.0,528.0,5,189114.303789324
2481,11677,5,4,1966,1040,1,3,1.0,1.0,264.0,2,180934.635330334
2482,8425,5,6,1990,868,1,2,1.0,2.0,576.0,5,164573.372223048
2483,8665,5,5,1968,897,1,3,1.0,1.0,264.0,1,173902.011270196
2484,8398,5,5,1967,943,1,2,1.0,2.0,528.0,6,165625.127741229
2485,8169,5,7,1966,912,1,3,2.0,1.0,315.0,7,179555.219570787
2486,14175,5,5,1998,1375,1,3,1.0,1.0,323.0,12,196899.720661579
2487,16779,5,4,1996,2654,3,4,1.0,2.0,638.0,5,207566.12470446
2488,6960,7,8,1998,1302,1,2,2.0,1.0,224.0,7,163899.981149274
2489,11375,6,5,1995,1299,1,3,2.0,2.0,494.0,10,189179.428177786
2490,13770,5,6,1998,1176,1,3,1.0,1.0,303.0,10,193892.880023125
2491,9000,4,7,1950,998,1,3,1.0,2.0,460.0,5,178980.874331431
2492,11075,6,5,1984,1522,2,3,1.0,2.0,552.0,2,179749.876244365
2493,17541,5,7,2005,1325,2,3,2.0,2.0,576.0,7,197999.674975598
2494,22692,5,5,1953,1630,2,3,1.0,2.0,649.0,3,203717.470295797
2495,17808,4,5,1950,1242,1,2,1.0,1.0,336.0,7,185249.261156892
2496,12671,6,7,1994,2422,3,4,2.0,2.0,527.0,7,201691.208274848
2497,10512,6,6,1954,1626,1,3,2.0,1.0,332.0,5,181956.548314794
2498,5400,5,5,1958,864,1,3,1.0,1.0,399.0,5,171895.936275806
2499,11515,4,5,1994,943,1,3,2.0,1.0,308.0,8,187245.168439419
2500,3869,5,6,1984,1038,2,2,1.0,1.0,264.0,7,157816.77461318
2501,9280,5,6,1951,1342,1,4,1.0,1.0,256.0,4,191702.912573325
2502,11100,5,6,1994,1480,1,4,1.0,1.0,253.0,7,198599.420028908
2503,7550,4,5,1950,1362,2,4,1.0,1.0,280.0,3,187193.313676329
2504,23920,6,5,1984,1822,2,4,2.0,2.0,515.0,4,220514.993999535
2505,9317,7,5,2001,1958,2,3,2.0,2.0,499.0,7,181814.527595192
2506,9178,8,5,2007,1651,2,3,2.0,3.0,870.0,9,183750.755371907
2507,10481,8,5,2007,2140,2,3,2.0,3.0,894.0,6,183000.431679579
2508,10235,8,5,2007,1651,2,3,2.0,3.0,870.0,9,185830.971906573
2509,11750,7,5,2006,1546,2,3,2.0,3.0,796.0,6,185497.872344187
2510,8760,8,5,2006,1500,2,3,2.0,2.0,674.0,6,179613.437681321
2511,7242,7,5,2006,1270,2,2,2.0,2.0,524.0,7,164454.967963631
2512,9316,7,5,2006,1795,2,3,2.0,2.0,578.0,10,185127.237217638
2513,8883,7,5,1988,1873,2,3,2.0,2.0,619.0,5,178750.613844623
2514,20064,8,6,1976,1743,0,0,2.0,2.0,529.0,5,160927.61044889
2515,14217,5,5,1994,1022,1,3,1.0,2.0,747.0,8,192562.808057836
2516,10021,6,6,2006,1308,2,3,2.0,2.0,497.0,5,180990.24148554
2517,8428,5,7,1994,990,1,3,1.0,1.0,384.0,7,180064.941503122
2518,16561,5,5,1996,1097,1,3,1.0,1.0,242.0,7,196070.997393789
2519,10820,7,5,1999,1873,2,3,2.0,2.0,597.0,3,180352.919019023
2520,12352,7,5,1999,1753,2,3,1.0,2.0,534.0,3,183367.953769362
2521,9543,7,5,2001,1690,2,3,2.0,2.0,517.0,2,176734.841494027
2522,8826,7,5,2000,1842,2,3,2.0,2.0,486.0,7,180848.220765939
2523,11800,5,5,1974,894,1,3,1.0,2.0,440.0,8,187806.059368823
2524,8660,5,5,1976,1025,2,3,1.0,2.0,370.0,7,180521.52640004
2525,9720,5,7,1977,1009,2,3,1.0,2.0,576.0,6,181502.754496154
2526,8982,5,5,1977,1040,1,3,1.0,2.0,748.0,1,174525.87942676
2527,16300,5,4,1977,907,1,3,1.0,1.0,308.0,1,188927.984063168
2528,9675,5,6,1975,879,1,3,1.0,2.0,440.0,9,184728.870431253
2529,7200,5,5,2000,864,1,3,3.0,2.0,576.0,9,179857.975518011
2530,7200,4,8,2006,875,1,3,2.0,2.0,728.0,10,180962.868071609
2531,11354,7,5,2000,1673,2,3,2.0,2.0,583.0,1,179194.066390078
2532,8749,7,5,2003,1932,2,3,2.0,2.0,610.0,6,179591.789259484
2533,8158,7,5,2002,1729,2,3,2.0,2.0,542.0,8,180638.463702549
2534,11927,8,5,1995,1592,2,3,2.0,2.0,484.0,6,185846.215131922
2535,12728,8,5,2001,2439,2,4,2.0,2.0,560.0,1,195174.031139141
2536,15295,7,5,2002,1992,2,3,2.0,2.0,608.0,6,192474.56829063
2537,17227,8,5,2000,1341,1,1,2.0,2.0,482.0,1,164200.595496827
2538,8145,7,5,2007,1476,2,3,2.0,2.0,552.0,6,178403.094096818
2539,8769,7,5,2005,1190,2,2,2.0,2.0,578.0,10,170774.84018302
2540,8334,6,5,2007,1330,2,3,2.0,2.0,437.0,7,179879.945898337
2541,8333,7,5,2006,1491,2,3,2.0,2.0,484.0,5,177668.192752792
2542,9045,5,5,2005,1536,2,3,2.0,2.0,400.0,6,180174.328610725
2543,9825,5,5,1967,936,1,2,1.0,1.0,384.0,8,170643.303572141
2544,8308,4,6,1963,1088,1,2,1.0,2.0,520.0,6,165448.004289838
2545,16287,5,6,1950,1351,1,3,1.0,2.0,576.0,7,195531.754886222
2546,8240,6,6,1960,1179,1,2,1.0,2.0,622.0,6,165314.177682121
2547,6285,6,6,1976,1044,1,3,1.0,2.0,528.0,4,172532.757660882
2548,9555,5,6,1979,2233,2,5,1.0,2.0,579.0,2,203310.218069877
2549,7023,5,5,2006,1408,2,3,1.0,2.0,489.0,5,175090.062515883
2550,39290,10,5,2009,5095,2,2,3.0,3.0,1154.0,10,230841.338626282
2551,3675,6,5,2005,1072,1,2,2.0,2.0,525.0,5,155225.19006632
2552,6400,5,7,2000,960,1,2,0.0,1.0,392.0,12,168322.342441945
2553,6882,4,3,1955,1152,2,2,0.0,0.0,0.0,9,165956.259265265
2554,8741,5,6,1950,1195,2,4,1.0,0.0,0.0,7,193956.817564124
2555,10042,6,8,1995,865,1,2,1.0,1.0,216.0,8,171070.367893827
2556,8172,4,5,1955,768,1,2,1.0,1.0,355.0,7,166285.243628001
2557,8172,4,5,1955,864,1,3,1.0,2.0,528.0,10,182875.801346628
2558,10890,5,6,1950,2592,2,6,1.0,0.0,0.0,1,218108.536769738
2559,7223,5,5,1950,1422,1,3,1.0,1.0,352.0,4,174378.777632042
2560,6821,6,7,2005,1298,2,2,1.0,1.0,240.0,8,164731.316372391
2561,4000,7,8,1995,1098,1,2,1.0,1.0,216.0,6,156969.695083273
2562,6720,6,7,1950,1436,1,3,1.0,1.0,228.0,4,173388.854342604
2563,7155,6,8,1991,1461,1,3,1.0,1.0,225.0,7,177559.628685119
2564,7230,7,7,1992,1718,2,4,2.0,2.0,264.0,10,194297.789279905
2565,13108,5,5,1951,1226,1,2,1.0,2.0,400.0,6,174894.588364005
2566,7810,4,6,2003,1755,2,4,2.0,1.0,231.0,11,196544.144075798
2567,6221,5,5,1950,1355,2,3,1.0,2.0,528.0,10,179036.158528149
2568,25485,6,4,1960,1560,1,3,1.0,2.0,580.0,5,211423.986511149
2569,21579,6,6,1968,1488,2,3,1.0,2.0,552.0,9,208156.398935188
2570,1782,6,6,1980,1045,1,2,1.0,2.0,462.0,12,159233.941347257
2571,17871,4,5,1996,1680,2,4,2.0,2.0,628.0,6,210820.115134931
2572,3907,8,5,1988,1020,1,1,1.0,2.0,509.0,3,140196.10979821
2573,20693,7,5,1971,1696,2,3,1.0,2.0,625.0,2,198678.469082978
2574,18044,8,5,1986,2726,2,2,2.0,2.0,691.0,8,186818.610760803
2575,7000,6,7,1950,1215,1,3,2.0,2.0,720.0,5,175044.797633861
2576,7288,5,7,2003,1601,2,3,1.0,0.0,0.0,9,180031.162892704
2578,3672,5,7,1950,816,1,2,1.0,1.0,100.0,9,159638.856165666
2579,11067,2,4,1950,845,1,1,1.0,1.0,256.0,3,154287.264375509
2580,8250,5,6,2006,1991,2,4,1.0,0.0,0.0,6,191885.618181273
2581,6565,4,6,1980,1073,1,3,1.0,2.0,720.0,8,177503.378612934
2582,6060,5,9,2007,1001,1,2,2.0,1.0,216.0,11,166548.31684976
2583,5568,8,5,2007,1625,2,2,2.0,2.0,495.0,10,164475.14942856
2584,12150,6,6,1979,1299,2,2,2.0,2.0,486.0,1,167484.744857879
2585,10000,5,5,2002,1392,2,3,2.0,3.0,650.0,12,188683.160555403
2586,12864,7,5,2002,1409,1,1,2.0,2.0,576.0,7,162243.399502668
2587,9928,7,5,1992,1478,2,3,1.0,2.0,506.0,5,180807.213919103
2588,8750,7,6,1975,918,1,3,1.0,1.0,360.0,3,176279.079637039
2589,8410,6,6,1974,1026,1,2,1.0,2.0,528.0,4,163438.959094218
2590,4054,7,6,1987,1501,2,2,2.0,2.0,512.0,10,161495.5393685
2591,19958,6,8,1995,2279,2,4,2.0,2.0,461.0,7,216032.303722443
2592,8368,7,5,2007,1689,2,3,2.0,2.0,433.0,4,176632.181541401
2593,8298,8,5,2007,1564,2,2,3.0,2.0,502.0,9,168743.001567144
2594,10331,7,7,1985,1240,2,3,2.0,2.0,528.0,7,183810.11848086
2595,6718,8,5,2001,1312,2,2,2.0,2.0,471.0,1,156794.36054728
2596,11305,8,5,2002,1922,2,2,2.0,3.0,692.0,4,169136.43011395
2597,7777,6,5,1996,1491,2,3,1.0,2.0,571.0,11,183203.318752456
2598,11800,7,5,2004,2486,3,5,2.0,2.0,452.0,7,213252.926930889
2599,12633,10,5,2007,1824,2,3,3.0,3.0,932.0,9,190550.327866959
2600,43500,3,5,1953,2034,1,2,1.0,4.0,1041.0,6,234707.209860273
2601,6710,6,5,1997,936,0,0,1.0,2.0,460.0,6,135751.318892816
2602,1504,4,4,1972,1092,1,3,1.0,1.0,253.0,5,164228.45886894
2603,1533,4,5,1970,992,1,2,1.0,1.0,297.0,7,153219.437030419
2604,1495,4,6,1970,1092,1,3,1.0,0.0,0.0,5,164210.746523801
2605,1890,4,3,1976,1092,1,3,1.0,1.0,286.0,4,163883.229117973
2606,9129,5,5,1977,1008,1,1,2.0,2.0,678.0,7,154892.776269956
2607,15957,6,6,1977,1356,2,3,1.0,2.0,528.0,9,197092.08733832
2608,33983,5,6,1994,1676,1,3,2.0,2.0,672.0,5,228148.376399122
2609,8286,5,7,1977,1432,1,3,1.0,2.0,531.0,6,178680.587503997
2610,6723,5,7,1971,796,1,2,1.0,0.0,0.0,9,165643.341167808
2611,27697,4,3,1961,1608,1,3,1.0,1.0,444.0,11,222406.642660249
2612,11000,5,6,2003,1178,1,3,1.0,2.0,502.0,6,184021.843582599
2613,11625,5,7,1983,816,1,2,1.0,1.0,264.0,5,170871.094939159
2614,10447,5,6,1984,887,1,3,1.0,1.0,288.0,12,189562.873697309
2615,11027,6,5,1954,1293,2,2,1.0,2.0,452.0,5,170591.884966356
2616,10533,6,6,1956,1024,1,2,2.0,1.0,313.0,8,172934.351682851
2617,11765,5,5,1957,1797,1,3,1.0,3.0,963.0,6,186425.069879189
2618,39384,6,6,1957,1390,1,1,3.0,2.0,550.0,10,218648.131133006
2619,11727,7,6,1969,1851,2,3,1.0,2.0,506.0,3,183035.606761141
2620,8238,6,5,1998,1525,2,3,1.0,2.0,400.0,5,178378.906069427
2621,13041,6,5,1995,1671,2,3,1.0,2.0,423.0,2,184516.716597846
2622,9783,6,5,1996,1776,2,3,1.0,2.0,443.0,5,181419.5253183
2623,13128,8,5,2005,2064,2,4,2.0,2.0,527.0,1,196858.923438425
2624,13751,7,5,2006,2212,2,3,2.0,3.0,773.0,5,189228.701486278
2625,13108,8,5,1994,2687,2,4,2.0,2.0,618.0,12,208973.380761028
2626,8076,6,6,1994,1169,2,3,1.0,2.0,402.0,7,180269.86896412
2627,3701,8,5,1987,1204,2,2,1.0,2.0,461.0,8,159488.713683953
2628,16023,9,5,2006,2798,3,3,3.0,3.0,670.0,3,191490.299507521
2629,18062,10,5,2006,3390,3,5,3.0,3.0,758.0,9,228684.245137946
2630,12292,9,5,2006,2473,2,4,2.0,3.0,675.0,7,201842.998700429
2631,16052,10,5,2006,2698,2,4,3.0,3.0,736.0,7,209242.82289186
2632,15922,9,5,2006,2795,3,4,3.0,3.0,660.0,1,202357.62258493
2633,8147,9,5,2005,1714,2,2,2.0,2.0,517.0,8,168238.61218265
2634,18261,9,5,2005,2000,2,3,3.0,3.0,722.0,9,202524.12465369
2635,10464,6,6,1980,1102,1,2,1.0,2.0,582.0,6,170588.771929588
2636,10530,7,5,1978,1857,2,4,1.0,2.0,482.0,7,198375.31512987
2637,9927,7,5,1976,1083,1,2,1.0,2.0,596.0,7,170636.827889889
2638,9512,7,5,2006,2318,2,3,2.0,2.0,541.0,6,181991.079479377
2639,10530,6,6,2000,1875,3,3,2.0,2.0,485.0,6,183994.54251844
2640,10000,6,6,1974,1103,2,3,1.0,2.0,462.0,6,182951.482193584
2641,7200,4,4,1971,874,1,3,1.0,2.0,576.0,3,174126.297156192
2642,8773,6,5,2002,1419,2,2,2.0,2.0,543.0,9,170575.496742588
2643,2760,6,5,1973,1092,1,3,1.0,2.0,440.0,12,175332.239869971
2644,2160,5,6,1973,1365,1,3,2.0,2.0,440.0,6,167522.061539111
2645,1890,6,7,1972,1030,1,3,1.0,1.0,264.0,7,168095.583738538
2646,1680,6,5,1972,948,1,2,1.0,1.0,264.0,7,154406.415627461
2647,1680,6,5,1972,1092,1,3,1.0,1.0,264.0,10,170996.973346087
2648,4043,6,5,1975,1069,2,2,1.0,2.0,440.0,7,159056.890245639
2649,7514,5,7,1975,1387,1,3,1.0,1.0,300.0,9,181373.6165193
2650,2280,7,7,1976,1055,2,2,1.0,1.0,319.0,4,152272.560975937
2651,2179,6,5,1976,1456,2,3,1.0,2.0,460.0,7,168664.346821336
2652,16387,9,5,2006,2589,2,4,3.0,3.0,831.0,8,211007.008292301
2653,16163,8,5,2004,1618,2,2,2.0,3.0,880.0,7,182909.515032911
2654,12228,7,5,2006,1740,2,4,2.0,3.0,874.0,9,203926.829353303
2655,14780,9,5,2005,1868,2,2,3.0,3.0,1085.0,6,179082.825442944
2656,13975,9,5,2006,2206,2,4,3.0,3.0,670.0,8,206260.099795032
2657,9942,9,5,2006,2091,2,3,3.0,2.0,521.0,5,181732.443415757
2658,12867,8,5,2006,2253,2,3,3.0,2.0,575.0,7,189698.740693148
2659,10672,8,5,2006,2389,2,4,2.0,3.0,672.0,11,203074.34678979
2660,11643,8,5,2006,2358,2,4,3.0,3.0,784.0,8,201670.634365666
2661,13758,9,5,2006,1792,2,2,2.0,3.0,925.0,3,173756.812589691
2662,14828,9,5,2005,1780,2,2,3.0,3.0,816.0,8,181387.076390881
2663,13215,8,5,2004,1914,2,3,2.0,3.0,746.0,2,184859.155270535
2664,5911,9,5,2005,1565,2,2,3.0,2.0,556.0,3,158313.615666777
2665,7740,9,5,2006,1686,2,1,3.0,3.0,899.0,6,151951.955409666
2666,6373,9,5,2006,1666,2,2,2.0,2.0,575.0,6,162537.52704471
2667,10237,6,5,2006,1456,2,3,2.0,2.0,390.0,2,178998.337067854
2668,10237,7,5,2006,1492,2,3,2.0,2.0,440.0,9,186732.584943041
2669,11660,6,5,2006,1326,2,3,2.0,2.0,427.0,7,187323.318406165
2670,11631,8,5,2005,2373,2,4,2.0,3.0,632.0,6,199437.232798284
2671,9073,7,5,2006,1492,2,3,2.0,2.0,440.0,10,185546.680858653
2672,3087,7,5,2006,1364,2,2,2.0,2.0,437.0,11,161595.015798593
2673,2938,7,5,2002,1511,2,2,2.0,2.0,398.0,5,154672.422763036
2674,3072,7,5,2004,1548,2,2,2.0,2.0,388.0,9,159355.710116165
2675,3010,7,5,2006,1142,2,2,2.0,2.0,440.0,6,155919.014077746
2676,9171,7,5,2005,1598,2,3,2.0,2.0,433.0,7,182424.87095604
2677,8658,6,5,2000,1889,2,3,1.0,2.0,431.0,4,178100.589622319
2678,12104,7,5,2006,2322,3,4,2.0,3.0,617.0,8,202577.900044456
2679,9660,8,5,1998,1976,2,3,2.0,3.0,885.0,2,177862.778940605
2680,9545,8,5,2000,2234,2,3,2.0,3.0,768.0,6,182056.024744887
2681,9233,9,5,2000,2855,2,4,3.0,3.0,774.0,3,191403.199177104
2682,10019,8,5,1995,2726,2,4,2.0,3.0,725.0,6,196264.754980043
2683,17242,9,5,1994,3500,3,4,3.0,3.0,959.0,5,209375.003419718
2684,10236,8,5,1995,2494,2,4,2.0,3.0,803.0,6,196691.81930173
2685,12585,8,5,1993,2799,2,3,2.0,3.0,704.0,10,192458.431539585
2686,12447,8,5,2006,1964,2,3,2.0,2.0,760.0,1,182242.80926507
2687,15218,8,5,2006,1670,2,2,2.0,3.0,928.0,9,183259.503900506
2688,10936,8,5,2006,1504,2,3,2.0,2.0,510.0,9,188108.243748841
2689,8640,8,5,2006,1278,2,2,2.0,2.0,584.0,10,171418.640195797
2690,13162,9,5,2006,2640,3,3,3.0,3.0,792.0,11,194698.882220432
2691,8125,6,5,2005,1716,2,3,2.0,2.0,615.0,2,174841.84007522
2692,7733,6,5,2005,1142,1,3,2.0,0.0,0.0,1,172965.476488899
2693,11024,7,5,2006,1400,2,3,2.0,2.0,612.0,10,189386.323677132
2694,13072,6,5,2006,1131,1,3,2.0,0.0,0.0,3,185682.618340257
2695,7800,7,5,2005,1686,2,3,2.0,2.0,462.0,4,176412.012719061
2696,7632,7,5,2005,1585,2,3,2.0,2.0,449.0,3,174976.489722867
2697,8304,6,5,1998,1837,2,3,1.0,2.0,688.0,7,180718.581707643
2698,9370,6,5,1993,1731,2,3,2.0,2.0,462.0,10,186131.188248242
2699,7175,6,5,1991,1398,2,2,2.0,2.0,542.0,7,165220.786354033
2700,7175,6,5,1991,1217,2,2,2.0,2.0,484.0,6,164115.893800435
2701,9019,6,5,1994,1320,2,3,2.0,2.0,472.0,7,182125.729127024
2702,9100,5,4,1962,988,1,3,1.0,2.0,624.0,7,182285.140233276
2703,8927,6,6,1977,1654,2,4,1.0,2.0,528.0,8,196325.442210366
2704,9240,5,6,2002,1211,1,2,1.0,2.0,576.0,3,164865.215329881
2705,9308,5,5,1965,984,1,3,1.0,1.0,310.0,7,182694.492209823
2706,8450,5,6,1968,909,1,3,1.0,1.0,294.0,11,185425.485520958
2707,8638,5,6,1963,925,1,2,1.0,2.0,484.0,10,171414.7041191
2708,13052,5,6,1965,1024,1,3,1.0,1.0,308.0,1,183433.472466085
2709,8020,5,6,1964,912,1,3,1.0,0.0,0.0,4,176844.981155794
2710,8789,5,6,1967,941,1,3,1.0,1.0,288.0,6,180568.187753206
2711,14330,7,4,1974,2646,2,3,2.0,2.0,550.0,1,185948.625475832
2712,11025,8,5,1993,2826,2,3,2.0,3.0,888.0,10,189388.291715481
2713,3628,7,5,2004,1143,1,1,2.0,2.0,588.0,5,142754.489165865
2714,2544,7,5,2005,1223,2,2,2.0,2.0,480.0,7,156106.800760811
2715,2998,6,5,2000,1524,2,2,2.0,2.0,440.0,6,155895.397617561
2716,4447,7,5,2003,1080,2,2,2.0,2.0,496.0,7,159851.977738548
2717,8314,7,5,1998,1694,2,3,2.0,1.0,434.0,11,185157.832305524
2718,7180,8,5,2002,1568,2,3,2.0,2.0,564.0,9,180716.291710805
2719,13110,5,6,1972,1193,2,2,1.0,2.0,501.0,7,176901.093954071
2720,10140,7,6,1967,1334,2,3,1.0,2.0,477.0,4,181017.222455218
2721,9600,5,5,1968,1051,1,3,1.0,2.0,504.0,7,183269.159407668
2722,8640,5,5,1968,1770,1,4,1.0,2.0,530.0,6,193550.830097069
2723,9360,6,7,2004,976,1,2,2.0,2.0,504.0,8,170625.842699726
2724,8400,5,6,1968,898,1,3,1.0,1.0,326.0,8,182012.405942725
2725,9759,5,5,1966,1051,1,3,1.0,1.0,264.0,3,179162.507290733
2726,9600,5,7,1967,1141,1,3,1.0,1.0,568.0,7,183269.159407668
2727,8800,6,7,2000,1565,2,3,2.0,1.0,299.0,6,180589.836175042
2728,10368,6,6,1964,1488,1,3,1.0,2.0,430.0,4,181465.935198741
2729,9350,5,6,1964,1440,1,4,1.0,2.0,480.0,7,196053.029878304
2730,10800,5,7,1960,1248,1,3,1.0,1.0,286.0,5,183421.020319014
2731,8550,6,8,1950,816,1,2,1.0,1.0,240.0,7,167926.839083612
2732,9724,5,7,1950,1043,1,2,1.0,1.0,273.0,5,168027.530997889
2733,9600,5,6,1990,1433,1,3,1.0,2.0,441.0,6,182164.26685407
2734,10858,5,6,1952,1624,1,2,1.0,1.0,240.0,7,172469.071592608
2735,9600,5,5,1951,1216,1,3,1.0,1.0,280.0,5,181059.374300472
2736,9462,5,6,1973,1728,1,3,1.0,1.0,234.0,7,182997.570115536
2737,9888,5,6,1975,936,1,2,1.0,1.0,240.0,3,166140.504179894
2738,8917,5,5,1967,1584,2,4,1.0,2.0,506.0,10,198515.546934075
2739,12700,6,5,1964,1246,1,3,1.0,2.0,441.0,11,193789.648503294
2740,9723,6,7,1963,1008,1,2,1.0,2.0,430.0,10,173550.025727531
2741,8400,5,5,1957,1364,1,3,1.0,1.0,331.0,3,176487.943174734
2742,9610,6,6,1958,1336,1,3,1.0,2.0,488.0,12,188813.302559147
2743,10000,5,6,1956,1370,1,3,1.0,1.0,300.0,2,178531.911979192
2744,10152,6,6,1994,1124,1,3,1.0,1.0,353.0,5,182145.731469001
2745,8092,6,8,2000,1050,1,3,2.0,1.0,286.0,6,179196.465024103
2746,12778,5,6,2003,1008,1,2,1.0,1.0,280.0,1,169618.349900686
2747,10170,6,6,1951,1575,1,2,2.0,2.0,400.0,6,170010.168655046
2748,7700,5,7,1956,1145,1,3,1.0,2.0,684.0,9,181739.671652174
2749,11050,5,5,1956,1005,1,2,1.0,1.0,319.0,7,172846.934955574
2750,13600,5,6,1955,1056,1,3,1.0,1.0,300.0,11,195560.8830172
2751,15428,5,6,1991,884,1,2,1.0,1.0,270.0,6,180358.114292956
2752,21299,7,5,1963,2039,1,3,1.0,3.0,791.0,12,211817.702818093
2753,13300,5,5,2001,1384,1,2,1.0,2.0,896.0,6,176170.128686742
2754,22136,5,5,1975,2640,2,5,1.0,3.0,1008.0,7,234492.248263699
2755,7500,6,6,1950,1312,1,3,1.0,2.0,649.0,10,182450.956536015
2756,10410,3,8,2001,713,1,2,2.0,1.0,371.0,10,174902.068073146
2757,10914,3,3,1950,715,1,2,1.0,2.0,660.0,8,173684.174293738
2758,7008,4,8,1998,720,1,1,0.0,1.0,280.0,3,147196.673677562
2759,7200,6,8,1950,1595,2,3,1.0,2.0,528.0,4,175231.189709791
2760,10818,4,4,1950,1760,1,4,1.0,2.0,648.0,2,193417.64740633
2761,10184,6,5,1963,1146,1,3,1.0,1.0,294.0,6,183313.601249761
2762,9510,6,5,1985,1207,1,3,1.0,1.0,264.0,5,180882.250849082
2763,10800,6,6,1992,1773,2,3,1.0,2.0,418.0,8,186735.697979808
2764,11650,7,5,1959,1472,2,2,2.0,2.0,484.0,6,172922.865411247
2765,18275,7,8,1998,2448,3,3,1.0,2.0,441.0,9,202551.677190573
2766,12144,4,6,1950,1521,1,3,2.0,1.0,597.0,9,190485.634074173
2767,8544,3,4,1950,1040,2,2,1.0,2.0,400.0,12,173439.49362151
2768,8512,5,5,1960,1556,2,4,1.0,0.0,0.0,9,196613.598849219
2769,7000,5,4,1961,1150,1,3,1.0,1.0,288.0,7,178152.259700828
2770,7400,7,6,1962,1045,1,3,1.0,2.0,528.0,3,174519.904825949
2771,7000,5,6,1962,864,1,3,1.0,1.0,336.0,2,172627.796932837
2772,7000,5,5,1962,1025,1,3,1.0,0.0,0.0,3,173732.689486435
2773,9856,5,8,2005,2014,2,5,1.0,2.0,624.0,6,209219.844787023
2774,9600,5,6,1950,1668,1,3,1.0,1.0,240.0,5,181059.374300472
2775,5520,4,6,1980,1657,1,4,0.0,1.0,162.0,7,188515.443002459
2776,9600,6,8,2004,1416,1,3,2.0,2.0,400.0,6,182164.26685407
2777,6451,7,7,1970,1428,1,4,1.0,2.0,576.0,5,188137.901597981
2778,3960,7,8,1950,1004,1,2,2.0,1.0,200.0,7,158893.54306269
2779,7745,4,6,1950,1951,2,4,0.0,2.0,576.0,4,189579.65066771
2780,7741,6,5,1950,1032,1,2,1.0,1.0,280.0,6,165229.803505847
2781,5633,5,7,1950,844,1,2,1.0,1.0,216.0,7,162186.071220207
2782,7200,4,5,1950,864,1,2,1.0,1.0,528.0,8,166374.879866351
2783,7614,3,5,1950,1376,1,2,1.0,1.0,216.0,3,161665.184974757
2784,6000,5,7,1955,960,1,3,1.0,2.0,576.0,6,175079.328798445
2785,6000,5,7,1950,1566,1,5,2.0,2.0,450.0,8,203840.874021305
2786,7830,3,5,1950,492,1,1,1.0,1.0,200.0,6,152129.078861057
2787,9576,6,7,1950,1182,1,3,1.0,1.0,378.0,5,181012.141380101
2788,5747,3,4,1950,840,1,2,0.0,1.0,250.0,6,161305.53503837
2789,6300,7,6,2005,2104,2,5,1.0,2.0,432.0,7,203326.392972343
2790,5976,5,7,1950,1248,2,2,1.0,0.0,0.0,12,168385.571141831
2791,9750,5,5,1958,960,1,3,1.0,2.0,624.0,7,183564.365159986
2792,4761,3,3,1950,1020,1,2,0.0,0.0,0.0,10,163784.619440861
2793,11737,6,7,1996,1827,1,2,1.0,1.0,240.0,5,171989.192193993
2794,6120,3,5,1950,1162,1,3,1.0,1.0,258.0,11,180839.95616829
2795,6120,5,7,1984,1324,1,3,2.0,1.0,180.0,2,170895.923185907
2796,11672,5,5,1950,816,1,2,1.0,1.0,210.0,7,174071.054808518
2797,33120,6,5,1962,2486,2,5,1.0,2.0,576.0,10,259423.859147546
2798,10320,4,5,1950,1430,2,3,0.0,2.0,370.0,10,188000.824679588
2799,7518,5,8,2004,1330,1,3,1.0,1.0,390.0,7,179171.703565498
2800,9000,5,4,1950,819,1,2,2.0,0.0,0.0,9,171022.241447762
2801,7200,6,6,1950,984,1,3,1.0,1.0,308.0,3,174126.297156192
2802,12375,5,5,1951,1422,1,3,1.0,1.0,288.0,6,187625.573271948
2803,11136,6,5,1964,1921,2,4,1.0,2.0,576.0,7,199567.946369234
2804,21370,5,5,1950,1640,1,3,1.0,2.0,394.0,6,205328.078219268
2805,8250,5,7,1950,1032,1,2,1.0,1.0,260.0,6,166231.535025379
2806,5220,5,3,1950,879,1,2,1.0,1.0,180.0,1,154743.91606057
2807,5500,7,5,2004,1073,2,2,1.0,1.0,246.0,5,159714.537012622
2808,11327,5,6,1967,1064,1,3,1.0,2.0,528.0,6,185563.069082422
2809,10366,6,7,1964,934,1,2,1.0,1.0,336.0,7,171500.796725006
2810,9000,5,6,1966,1059,1,3,1.0,1.0,286.0,6,180983.443844799
2811,9535,5,5,1967,1458,1,3,1.0,2.0,512.0,7,183141.236914997
2812,7176,6,6,1978,1040,1,3,1.0,2.0,616.0,7,178498.634450214
2813,9662,5,4,1977,1967,2,6,1.0,2.0,580.0,8,224323.710512388
2814,8235,5,4,1977,1949,2,6,1.0,2.0,586.0,5,218200.642127877
2815,17529,5,5,1950,872,1,2,0.0,1.0,322.0,4,182283.177756557
2816,20355,7,6,1967,1830,1,2,1.0,2.0,521.0,6,190054.639237419
2817,13050,5,6,1963,1000,1,1,1.0,2.0,575.0,4,160192.453934518
2818,10820,5,7,1972,810,1,2,1.0,2.0,576.0,6,171289.393581756
2819,1700,7,5,1981,1700,2,2,2.0,1.0,450.0,4,151131.098733642
2820,9375,4,5,1954,1350,1,3,1.0,2.0,504.0,6,181721.458225594
2821,6488,5,5,1950,1150,1,3,1.0,1.0,215.0,3,172725.053851858
2822,19950,6,7,1950,2009,2,4,1.0,3.0,795.0,12,222438.699143414
2823,19800,6,8,1990,3672,3,5,2.0,2.0,836.0,12,235419.373448928
2824,11679,5,5,1962,1560,2,3,1.0,2.0,528.0,5,185150.926027596
2825,12048,5,6,2002,1488,1,3,1.0,2.0,569.0,4,184772.239624699
2826,10519,5,8,1999,1057,1,3,2.0,1.0,288.0,3,180658.216435809
2827,9525,6,5,1953,1609,1,5,1.0,1.0,305.0,7,209673.316647174
2828,12128,6,4,1989,2559,2,4,3.0,2.0,506.0,11,205939.810625621
2829,9069,6,8,1993,1440,2,2,2.0,4.0,920.0,4,165633.573325837
2830,11003,7,5,2006,1876,2,3,2.0,3.0,848.0,7,186030.317211014
2831,7488,7,5,2005,1208,2,2,2.0,2.0,632.0,2,160312.319589212
2832,13377,6,5,2006,1846,2,3,2.0,2.0,495.0,7,190702.440251029
2833,11645,8,5,2006,1590,2,2,3.0,3.0,754.0,8,175122.810326699
2834,10984,7,5,2006,1809,2,3,2.0,2.0,638.0,5,183783.13937519
2835,9316,7,5,2005,1614,2,3,2.0,2.0,576.0,3,178290.666302221
2836,9316,7,5,2005,1596,2,3,2.0,2.0,610.0,6,181605.343963015
2837,12000,6,5,1968,1388,2,3,1.0,2.0,522.0,7,187992.451444752
2838,13015,5,6,1996,1100,1,3,1.0,2.0,462.0,6,188885.11781517
2839,12438,6,5,1995,1499,2,3,2.0,2.0,473.0,8,189959.344795118
2840,8685,7,5,1998,1425,2,3,1.0,2.0,591.0,5,179258.619211334
2841,9272,7,5,1999,1749,2,3,2.0,2.0,515.0,6,181518.750275669
2842,13426,7,5,2000,1779,2,3,2.0,2.0,586.0,9,193008.659237315
2843,8340,6,6,1977,1388,1,3,1.0,1.0,317.0,12,186313.89385619
2844,10385,6,6,1978,1282,2,3,1.0,3.0,672.0,4,181499.39185067
2845,7200,5,8,1972,864,1,3,1.0,1.0,297.0,3,174126.297156192
2846,9930,7,5,2002,1762,2,3,2.0,2.0,591.0,7,183918.612062767
2847,9468,6,5,1999,1755,2,3,1.0,2.0,530.0,8,184114.270899227
2848,11088,8,5,2002,1358,1,1,2.0,2.0,418.0,6,158540.947801398
2849,8726,7,5,2002,1909,2,4,2.0,2.0,529.0,9,197034.759055859
2850,10566,8,5,1999,2214,2,3,2.0,3.0,646.0,7,185170.284452595
2851,21533,7,5,1997,2049,2,4,2.0,2.0,467.0,8,221134.533635148
2852,11250,7,5,1998,1939,2,3,2.0,3.0,555.0,5,184306.637575967
2853,11250,7,5,1996,1995,2,4,2.0,2.0,610.0,7,199792.302740996
2854,4435,6,5,2003,848,1,1,2.0,2.0,420.0,4,143237.803559736
2855,8810,7,5,2003,1390,2,3,2.0,2.0,545.0,3,177294.838897736
2856,8581,7,5,2006,1737,2,3,2.0,2.0,578.0,8,182368.620883855
2857,8400,7,5,2005,1611,2,3,2.0,2.0,572.0,3,176487.943174734
2858,8772,7,5,2006,1336,2,3,2.0,2.0,502.0,9,183849.408762071
2859,8777,4,6,2000,1436,2,3,1.0,2.0,528.0,10,184964.141507413
2860,7840,6,5,1975,1012,2,4,1.0,0.0,0.0,10,196395.969632434
2861,16133,5,4,1969,1176,1,2,1.0,1.0,360.0,12,188374.936650438
2862,7162,7,5,2004,1724,2,3,2.0,2.0,616.0,5,176261.296806135
2863,8050,6,5,2002,914,1,2,2.0,0.0,0.0,4,163628.142248426
2864,11060,7,5,2005,2314,2,3,2.0,2.0,502.0,2,180618.032628904
2865,3675,6,5,2006,1072,1,2,1.0,2.0,525.0,10,161647.329794081
2866,2522,7,5,2004,1709,2,3,2.0,2.0,380.0,5,167129.598867773
2867,6956,4,7,1950,936,1,3,1.0,1.0,265.0,4,174750.988352687
2868,7822,6,3,1950,1338,2,3,1.0,2.0,528.0,5,177560.202116333
2869,8707,4,5,1950,1669,1,4,1.0,1.0,288.0,5,192577.796112839
2870,16012,4,4,1968,1482,2,3,1.0,2.0,609.0,10,199202.898960871
2871,8248,4,4,1950,1414,1,3,1.0,0.0,0.0,9,182818.156667308
2872,8088,2,3,1955,498,1,1,1.0,1.0,216.0,2,148217.262540651
2873,11388,4,7,1993,1273,1,3,2.0,1.0,275.0,9,188997.797082492
2874,10890,5,5,1950,1551,2,3,0.0,1.0,240.0,7,185807.928877601
2875,6430,6,6,1950,1340,1,3,1.0,1.0,440.0,7,177030.477842021
2876,7000,7,8,1997,1479,1,3,2.0,1.0,312.0,5,175942.474593632
2877,4899,6,8,1950,1510,1,3,1.0,1.0,216.0,6,172912.518576433
2878,9399,7,8,1950,1636,1,4,2.0,1.0,288.0,9,198359.248864591
2879,10164,5,5,1950,1465,2,3,1.0,1.0,240.0,7,184379.133036383
2880,6191,5,4,1950,1288,1,4,1.0,1.0,240.0,11,194255.566948886
2881,21780,6,5,1950,1550,1,3,1.0,1.0,318.0,9,209449.651603064
2882,12400,5,6,1950,1717,1,2,1.0,1.0,410.0,2,169979.323958443
2883,8170,7,7,1950,1671,2,4,1.0,2.0,451.0,2,188206.281858748
2884,12320,7,7,1990,1609,1,3,2.0,3.0,579.0,5,186412.438609167
2885,14210,6,7,1959,1801,1,3,1.0,2.0,365.0,11,196761.386409959
2886,15600,5,7,1963,2315,2,4,1.0,1.0,342.0,7,208353.269558209
2887,7288,5,6,1950,976,1,2,1.0,1.0,215.0,8,166548.067241044
2888,7000,6,7,1950,1285,1,3,1.0,2.0,506.0,5,175942.474593632
2889,8534,4,4,1950,672,1,2,1.0,0.0,0.0,6,166790.457916434
2890,7030,4,6,1950,641,1,2,0.0,1.0,272.0,3,160515.850579067
2891,9060,6,5,1957,1638,2,4,2.0,1.0,384.0,4,192167.621096362
2892,12366,3,5,1950,729,1,2,1.0,0.0,0.0,10,178751.551083369
2893,9000,5,6,1951,1396,2,4,1.0,0.0,0.0,10,198678.894117024
2894,8520,3,5,1950,936,1,2,1.0,0.0,0.0,4,164553.120272354
2895,5748,8,5,2006,1778,2,2,3.0,2.0,495.0,2,156887.932862327
2896,3842,8,5,2005,1646,2,2,2.0,2.0,525.0,12,164185.777305524
2897,23580,6,6,1979,1625,2,3,0.0,2.0,576.0,9,212992.120630876
2898,8385,6,5,1978,1664,2,4,1.0,2.0,616.0,10,197468.550532521
2899,9116,8,5,2001,1491,2,3,2.0,2.0,490.0,5,180106.84373966
2900,11080,6,6,1975,1210,2,3,1.0,2.0,528.0,5,183972.071056674
2901,50102,6,5,1958,1650,1,2,1.0,2.0,518.0,3,245283.198337927
2902,8098,6,5,2000,1403,2,2,2.0,2.0,470.0,10,170351.963410756
2903,13618,8,5,2006,1960,2,3,2.0,3.0,714.0,11,195596.307707478
2904,11577,9,5,2006,1838,2,3,3.0,3.0,682.0,9,189369.756330412
2905,31250,1,3,1951,1600,1,3,1.0,1.0,270.0,5,223667.404551664
2906,7020,7,5,1997,1368,2,2,1.0,4.0,784.0,11,169335.310624364
2907,2665,5,6,1977,1304,1,3,1.0,1.0,336.0,5,167411.02835165
2908,10172,5,7,2003,874,1,3,1.0,1.0,288.0,10,187709.555003968
2909,11836,5,5,1970,1652,2,4,1.0,3.0,928.0,3,196526.002998991
2910,1470,4,6,1970,630,1,1,1.0,0.0,0.0,4,137402.569855589
2911,1484,4,4,1972,1092,1,3,1.0,1.0,253.0,5,165086.775061735
2912,13384,5,5,1979,1360,1,3,1.0,1.0,336.0,5,188506.431412274
2913,1533,4,5,1970,1092,1,3,1.0,1.0,286.0,12,172917.456816012
2914,1526,4,5,1970,1092,1,3,1.0,0.0,0.0,6,166274.325225982
2915,1936,4,7,1970,1092,1,3,1.0,0.0,0.0,6,167081.220948984
2916,1894,4,5,1970,1092,1,3,1.0,1.0,286.0,4,164788.778231138
2917,20000,5,7,1996,1224,1,4,1.0,2.0,576.0,9,219222.423400059
2918,10441,5,5,1992,970,1,3,1.0,0.0,0.0,7,184924.279658997
2919,9627,7,5,1994,2000,2,3,1.0,3.0,650.0,11,187741.866657478
