Id,LotArea,OverallQual,OverallCond,YearRemodAdd,GrLivArea,FullBath,BedroomAbvGr,KitchenQual,GarageCars,GarageArea,MoSold
1,8450,7,5,2003,1710,2,3,2,2,548,2
2,9600,6,8,1976,1262,2,3,1,2,460,5
3,11250,7,5,2002,1786,2,3,2,2,608,9
4,9550,7,5,1970,1717,1,3,2,3,642,2
5,14260,8,5,2000,2198,2,4,2,3,836,12
6,14115,5,5,1995,1362,1,1,1,2,480,10
7,10084,8,5,2005,1694,2,3,2,2,636,8
8,10382,7,6,1973,2090,2,3,1,2,484,11
9,6120,7,5,1950,1774,2,2,1,2,468,4
10,7420,5,6,1950,1077,1,2,1,1,205,1
11,11200,5,5,1965,1040,1,3,1,1,384,2
12,11924,9,5,2006,2324,3,4,3,3,736,7
13,12968,5,6,1962,912,1,2,1,1,352,9
14,10652,7,5,2007,1494,2,3,2,3,840,8
15,10920,6,5,1960,1253,1,2,1,1,352,5
16,6120,7,8,2001,854,1,2,1,2,576,7
17,11241,6,7,1970,1004,1,2,1,2,480,3
18,10791,4,5,1967,1296,2,2,1,2,516,10
19,13695,5,5,2004,1114,1,3,2,2,576,6
20,7560,5,6,1965,1339,1,3,1,1,294,5
21,14215,8,5,2006,2376,3,4,2,3,853,11
22,7449,7,7,1950,1108,1,3,2,1,280,6
23,9742,8,5,2002,1795,2,3,2,2,534,9
24,4224,5,7,1976,1060,1,3,1,2,572,6
25,8246,5,8,2001,1060,1,3,2,1,270,5
26,14230,8,5,2007,1600,2,3,2,3,890,7
27,7200,5,7,2000,900,1,3,2,2,576,5
28,11478,8,5,2008,1704,2,3,2,3,772,5
29,16321,5,6,1997,1600,1,2,1,1,319,12
30,6324,4,6,1950,520,1,1,0,1,240,5
31,8500,4,4,1950,1317,1,3,1,1,250,7
32,8544,5,6,2006,1228,1,3,2,1,271,6
33,11049,8,5,2007,1234,2,3,2,2,484,1
34,10552,5,5,1959,1700,1,4,2,2,447,4
35,7313,9,5,2005,1561,2,2,3,2,556,8
36,13418,8,5,2005,2452,3,4,2,3,691,9
37,10859,5,5,1995,1097,1,3,1,2,672,6
38,8532,5,6,1990,1297,1,3,1,2,498,10
39,7922,5,7,2007,1057,1,3,2,1,246,1
40,6040,4,5,1955,1152,2,2,0,0,0,6
41,8658,6,5,1965,1324,2,3,1,2,440,12
42,16905,5,6,1959,1328,1,2,1,1,308,7
43,9180,5,7,1983,884,1,2,2,2,504,12
44,9200,5,6,1980,938,1,3,1,1,308,7
45,7945,5,6,1959,1150,1,3,1,1,300,5
46,7658,9,5,2005,1752,2,2,3,2,576,2
47,12822,7,5,2003,2149,1,1,2,2,670,8
48,11096,8,5,2006,1656,2,3,2,3,826,7
49,4456,4,5,2008,1452,2,2,1,0,0,6
50,7742,5,7,1966,955,1,3,1,1,386,1
51,13869,6,6,1997,1470,2,3,1,2,388,7
52,6240,6,6,1950,1176,1,3,1,2,528,9
53,8472,5,5,1963,816,1,2,1,2,516,5
54,50271,9,5,1987,1842,0,0,2,3,894,11
55,7134,5,5,1955,1360,1,3,1,2,572,2
56,10175,6,5,1964,1425,2,3,1,2,576,7
57,2645,8,5,2000,1739,2,3,2,2,480,8
58,11645,7,5,2004,1720,2,3,2,2,565,8
59,13682,10,5,2006,2945,3,3,2,3,641,10
60,7200,5,7,1972,780,1,2,1,1,352,1
61,13072,6,5,2004,1158,1,3,2,2,576,5
62,7200,5,7,1996,1111,1,3,0,1,288,3
63,6442,8,5,2006,1370,2,2,2,2,484,10
64,10300,7,6,1950,1710,2,3,1,2,480,4
65,9375,7,5,1998,2034,2,3,2,2,645,2
66,9591,8,5,2005,2473,2,4,2,3,852,10
67,19900,7,5,1989,2207,2,3,1,2,576,7
68,10665,7,5,2003,1479,2,3,2,2,558,6
69,4608,4,6,1950,747,1,2,1,1,220,6
70,15593,7,4,1953,2287,2,3,1,2,667,7
71,13651,7,6,1973,2223,2,3,1,2,516,2
72,7599,4,6,2006,845,1,2,1,2,360,6
73,10141,7,5,1998,1718,2,3,1,2,427,12
74,10200,5,7,2003,1086,1,3,1,2,490,5
75,5790,3,6,1950,1605,2,3,1,1,379,5
76,1596,4,5,1973,988,1,2,1,1,297,11
77,8475,4,7,1956,952,1,2,1,1,283,4
78,8635,5,5,2001,1285,1,2,1,1,240,1
79,10778,4,5,1968,1768,2,4,1,0,0,4
80,10440,5,6,1981,1230,1,2,1,2,440,5
81,13000,6,6,1968,2142,2,4,2,1,509,6
82,4500,6,5,1998,1337,2,2,1,2,405,3
83,10206,8,5,2007,1563,2,3,2,3,758,10
84,8892,5,5,1960,1065,1,3,1,2,461,7
85,8530,7,5,1996,1474,2,3,1,2,400,5
86,16059,8,5,1992,2417,2,4,2,2,462,4
87,11911,6,5,2005,1560,2,3,2,2,400,3
88,3951,6,5,2009,1224,2,2,2,2,528,6
89,8470,3,2,1982,1526,1,2,0,0,0,10
90,8070,4,5,1995,990,1,3,1,0,0,8
91,7200,4,5,1950,1040,1,2,1,2,420,7
92,8500,5,3,1961,1235,1,2,1,2,480,12
93,13360,5,7,2006,964,1,2,1,2,432,8
94,7200,6,6,1998,2291,2,4,1,2,506,11
95,9337,6,5,1997,1786,2,3,2,2,684,5
96,9765,6,8,1993,1470,2,3,1,2,420,4
97,10264,7,5,1999,1588,2,3,2,2,472,8
98,10921,4,5,1965,960,1,3,1,1,432,5
99,10625,5,5,1950,835,1,2,1,1,366,5
100,9320,4,5,1959,1225,1,3,1,0,0,1
101,10603,6,7,2001,1610,2,3,2,2,480,2
102,9206,6,5,1985,1732,2,3,2,2,476,6
103,7018,5,5,1979,1535,2,4,1,2,410,6
104,10402,7,5,2009,1226,2,3,2,3,740,5
105,7758,7,4,1950,1818,1,4,1,1,240,6
106,9375,8,5,2004,1992,2,3,2,2,648,8
107,10800,4,7,1995,1047,1,2,1,1,273,8
108,6000,5,5,1950,789,1,2,1,1,250,4
109,8500,5,7,2005,1517,2,3,0,0,0,8
110,11751,6,6,1977,1844,2,3,1,2,546,1
111,9525,6,4,1972,1855,2,4,1,1,325,10
112,7750,7,5,2000,1430,2,3,1,2,400,4
113,9965,7,5,2007,2696,2,4,3,3,792,10
114,21000,6,5,1953,2259,2,3,2,2,450,10
115,7259,6,8,2002,2320,2,3,2,1,180,7
116,3230,6,5,1999,1458,2,2,1,2,440,6
117,11616,5,5,1962,1092,1,3,1,1,288,9
118,8536,5,5,2007,1125,1,2,1,2,430,4
119,12376,7,5,1990,3222,3,5,2,3,594,5
120,8461,6,5,2006,1456,2,3,2,2,390,7
121,21453,6,5,1969,988,1,1,1,2,540,10
122,6060,4,5,1950,1123,1,3,1,1,264,6
123,9464,6,7,1958,1080,1,3,1,1,288,6
124,7892,6,5,1993,1199,2,2,2,2,530,3
125,17043,6,5,1998,1586,2,3,1,2,435,1
126,6780,6,8,1982,754,1,2,1,0,0,6
127,4928,6,5,1976,958,2,2,1,2,440,2
128,4388,5,7,1950,840,1,3,1,0,0,6
129,7590,6,5,1966,1348,1,3,1,2,453,7
130,8973,5,7,1991,1053,1,3,3,2,750,7
131,14200,7,6,1966,2157,2,4,2,2,487,5
132,12224,6,5,2000,2054,2,3,2,2,390,7
133,7388,5,6,2002,1327,1,3,2,2,624,7
134,6853,8,5,2002,1296,2,2,2,2,471,6
135,10335,5,6,1993,1721,2,3,1,2,440,7
136,10400,7,6,1970,1682,2,3,1,2,530,5
137,10355,5,5,1967,1214,2,3,1,1,318,7
138,11070,7,5,1989,1959,3,5,1,3,766,7
139,9066,8,5,2000,1852,2,3,2,3,660,12
140,15426,6,5,1997,1764,2,3,2,2,470,8
141,10500,4,5,1971,864,1,3,1,0,0,4
142,11645,7,5,2005,1734,2,3,2,2,660,1
143,8520,5,4,1952,1385,2,4,1,2,720,6
144,10335,7,5,1999,1501,2,3,2,2,577,6
145,9100,5,5,1963,1728,2,6,1,2,504,11
146,2522,6,5,2006,1709,2,3,2,2,380,4
147,6120,5,7,1993,875,1,2,1,1,180,11
148,9505,7,5,2001,2035,2,3,2,2,434,5
149,7500,7,5,2005,1080,1,3,2,0,0,4
150,6240,5,4,1950,1344,1,3,1,1,240,4
151,10356,5,6,1975,969,1,3,1,2,440,1
152,13891,8,5,2008,1710,2,2,2,3,866,1
153,14803,6,5,1971,1993,2,4,1,2,495,6
154,13500,6,7,1975,1252,1,1,1,2,564,3
155,11340,6,5,1950,1200,1,4,1,1,312,3
156,9600,6,5,1950,1096,1,2,1,0,0,4
157,7200,5,7,1950,1040,1,2,1,2,625,6
158,12003,8,5,2010,1968,2,4,3,3,680,5
159,12552,7,5,2005,1947,2,3,2,2,678,5
160,19378,7,5,2006,2462,2,4,2,2,576,3
161,11120,6,6,1984,1232,2,3,1,2,516,6
162,13688,9,5,2004,2668,2,3,3,3,726,3
163,12182,7,5,2005,1541,2,3,2,2,532,5
164,5500,4,6,1956,882,1,1,1,0,0,4
165,5400,6,7,2004,1616,2,3,2,1,216,10
166,10106,5,7,1999,1355,2,4,1,0,0,9
167,10708,5,5,1993,1867,1,2,1,1,303,11
168,10562,8,5,2007,2161,1,3,3,3,789,11
169,8244,7,5,2004,1720,2,3,2,2,440,5
170,16669,8,6,1981,1707,2,2,1,2,511,1
171,12358,5,6,1950,1382,1,2,1,2,660,5
172,31770,6,5,1960,1656,1,3,1,2,528,5
173,5306,7,7,1987,1767,2,2,2,2,504,6
174,10197,6,5,1961,1362,1,3,1,2,504,6
175,12416,6,5,1986,1651,2,3,1,2,616,11
176,12615,6,7,2001,2158,2,4,2,2,576,6
177,10029,6,5,1989,2060,2,4,1,2,521,9
178,13650,5,5,1958,1920,2,4,2,2,451,7
179,17423,9,5,2009,2234,2,1,3,3,1166,7
180,8520,5,6,2006,968,1,2,1,2,480,7
181,2117,6,5,2000,1525,2,3,2,2,440,6
182,7588,7,6,1950,1802,1,4,1,1,216,7
183,9060,5,6,2006,1340,1,3,1,1,252,6
184,11426,7,5,2003,2082,2,3,2,2,484,6
185,7438,5,8,1991,1252,1,3,1,2,576,6
186,22950,10,9,1993,3608,2,4,3,3,840,6
187,9947,7,5,1991,1217,2,3,2,2,497,6
188,10410,5,7,1987,1656,2,3,1,1,180,8
189,7018,5,5,1979,1224,0,2,1,2,528,6
190,4923,8,5,2002,1593,1,0,3,2,682,8
191,10570,8,8,1994,2727,2,3,2,2,440,12
192,7472,7,9,2004,1479,1,4,2,2,484,6
193,9017,7,5,1999,1431,2,3,2,2,666,9
194,2522,7,5,2004,1709,2,3,2,2,380,5
195,7180,5,7,1972,864,1,3,1,1,352,5
196,2280,6,6,1976,1456,2,3,1,2,440,7
197,9416,7,5,2007,1726,2,3,3,3,786,9
198,25419,8,4,1990,3112,2,4,2,2,795,3
199,5520,6,6,1950,2229,1,5,1,0,0,7
200,9591,8,5,2005,1713,2,3,3,3,856,1
201,8546,4,5,2004,1121,2,2,1,2,440,3
202,10125,6,6,1977,1279,2,3,1,2,473,2
203,7000,6,6,1950,1310,2,2,1,1,398,5
204,4438,6,5,2004,848,1,1,2,2,420,1
205,3500,5,7,1950,1284,1,2,1,1,240,4
206,11851,7,5,1990,1442,2,3,1,2,500,5
207,13673,5,5,1962,1696,1,3,1,1,349,3
208,12493,4,5,1960,1100,1,3,1,1,312,4
209,14364,7,5,1989,2062,2,3,1,2,454,4
210,8250,6,7,1964,1092,1,3,1,2,504,7
211,5604,5,6,1950,864,1,2,1,0,0,4
212,10420,6,5,2009,1212,2,3,2,2,460,3
213,8640,7,5,2009,1852,2,3,2,2,644,7
214,13568,5,5,1995,990,1,3,1,2,576,7
215,10900,6,7,1977,1392,1,3,1,1,299,3
216,10011,5,6,1996,1236,1,2,2,1,447,5
217,8450,7,5,2004,1436,2,3,2,2,484,4
218,9906,4,4,1950,1328,1,3,1,1,210,9
219,15660,7,9,2006,1954,1,3,2,2,431,5
220,3010,7,5,2006,1248,2,2,2,2,438,3
221,8990,7,5,2006,1498,2,2,2,2,675,4
222,8068,6,5,2002,2267,2,4,2,2,390,12
223,11475,6,6,1975,1552,2,3,1,2,434,2
224,10500,4,6,1971,864,1,2,1,2,576,3
225,13472,10,5,2003,2392,2,3,3,3,968,6
226,1680,5,5,1971,1302,2,3,1,1,280,5
227,9950,7,5,1995,2520,2,4,2,3,721,6
228,1869,6,6,1970,987,1,2,1,1,280,9
229,8521,5,5,1967,912,1,3,1,1,336,5
230,3182,7,5,2006,1555,2,2,2,2,430,5
231,8760,6,6,1959,1194,1,3,1,1,312,4
232,15138,8,5,1996,2794,2,4,3,3,810,7
233,1680,6,5,1972,987,1,2,1,1,288,6
234,10650,5,6,1976,894,1,3,1,1,308,2
235,7851,6,5,2002,1960,2,4,2,2,440,5
236,1680,6,3,1971,987,1,2,1,1,264,8
237,8773,7,5,2004,1414,2,3,2,2,494,5
238,9453,7,7,2003,1744,2,3,2,2,457,2
239,12030,8,5,2007,1694,2,3,2,3,818,12
240,8741,6,4,1950,1487,1,3,1,1,220,4
241,9000,8,5,2008,1566,2,3,2,2,750,4
242,3880,5,9,1997,866,1,2,2,0,0,8
243,5000,5,4,1950,1440,1,3,1,1,352,4
244,10762,6,6,1980,1217,1,3,1,1,288,4
245,8880,7,5,2002,2110,2,3,2,2,463,5
246,10400,7,5,1988,1872,2,3,1,2,604,6
247,9142,6,8,1950,1928,2,4,0,1,440,4
248,11310,6,5,1954,1375,1,2,1,2,451,6
249,11317,7,5,2003,1668,2,3,2,2,500,9
250,159000,6,7,2006,2144,2,4,2,2,389,6
251,5350,3,2,1966,1306,1,3,0,0,0,5
252,4750,8,5,2007,1625,2,2,2,2,538,12
253,8366,6,5,2004,1640,2,3,2,2,520,12
254,9350,6,7,1991,1302,2,3,2,1,309,10
255,8400,5,6,1957,1314,1,3,1,1,294,6
256,8738,7,5,1999,2291,2,4,2,2,429,2
257,8791,6,5,2003,1728,2,3,2,2,673,5
258,8814,7,5,2006,1604,2,3,2,2,660,3
259,12435,7,5,2001,1792,2,3,2,2,564,5
260,12702,5,5,1956,882,1,2,1,1,308,12
261,19296,6,5,1962,1382,1,3,1,2,884,5
262,9588,8,5,2007,2574,2,3,3,3,868,11
263,8471,6,7,1995,1212,1,3,1,2,492,7
264,5500,5,7,2001,1316,1,3,1,2,484,4
265,5232,5,5,2004,764,1,2,1,2,504,6
266,12090,6,6,1981,1422,2,3,2,2,576,6
267,11207,6,5,1997,1511,2,3,1,2,413,6
268,8400,5,8,1997,2192,2,4,2,1,240,7
269,6900,5,6,1955,778,1,2,1,1,924,2
270,7917,6,7,1976,1113,1,3,1,1,504,5
271,10728,8,5,2006,1939,2,3,2,3,1053,8
272,39104,7,7,2005,1363,1,2,1,2,439,4
273,11764,8,7,2007,2270,2,4,2,3,671,4
274,9600,6,6,1988,1632,2,3,1,1,338,4
275,8314,5,7,1982,816,1,2,1,1,264,6
276,7264,7,7,2007,1548,2,3,3,2,672,10
277,9196,7,5,2003,1560,2,3,2,2,573,4
278,19138,4,5,1951,864,1,2,1,2,400,6
279,14450,9,5,2007,2121,2,3,3,3,732,5
280,10005,7,5,1977,2022,2,4,1,2,505,3
281,11287,7,6,1989,1982,2,3,2,2,575,1
282,7200,6,5,2006,1262,2,2,2,2,572,5
283,5063,7,5,2008,1314,2,2,2,2,626,4
284,9612,8,5,2009,1468,2,3,2,3,898,12
285,8012,6,5,1992,1575,2,2,2,2,529,7
286,4251,7,5,2007,1250,2,2,2,2,528,6
287,9786,6,7,1981,1734,1,3,2,2,440,6
288,8125,4,4,1971,858,1,3,1,0,0,6
289,9819,5,5,1967,900,1,3,1,1,280,2
290,8730,6,7,2003,1396,1,3,1,1,384,7
291,15611,8,5,2006,1919,2,3,2,2,685,7
292,5687,5,6,2000,1716,2,6,0,0,0,3
293,11409,5,4,2008,1716,1,3,1,1,281,1
294,16659,7,7,1994,2263,2,3,2,2,539,3
295,9600,6,5,1953,1644,1,3,1,2,418,10
296,7937,6,6,1984,1003,1,3,1,2,588,3
297,13710,5,5,1950,1558,1,4,1,1,282,6
298,7399,7,5,1998,1950,2,3,2,2,576,6
299,11700,6,6,1968,1743,1,3,1,2,539,6
300,14000,6,8,2004,1152,1,3,2,1,300,8
301,15750,5,5,1953,1336,1,2,1,1,375,6
302,16226,8,5,1999,2452,2,4,2,2,683,5
303,13704,7,5,2002,1541,2,3,2,3,843,1
304,9800,5,7,1972,894,1,3,1,2,552,7
305,18386,7,9,2002,3493,3,3,2,3,870,5
306,10386,8,5,2005,2000,2,3,2,3,888,7
307,13474,7,5,1991,2243,2,4,2,3,746,6
308,7920,6,7,1950,1406,1,3,0,0,0,3
309,12342,4,5,1950,861,1,1,1,2,539,3
310,12378,9,5,2004,1944,2,3,3,3,708,11
311,7685,6,5,1994,1501,2,3,2,2,420,5
312,8000,6,6,2002,972,1,2,1,1,240,5
313,7800,5,7,1950,1118,1,3,1,2,410,5
314,215245,7,5,1965,2036,2,3,1,2,513,6
315,9600,7,7,1990,1641,1,3,3,2,546,8
316,7795,7,5,2005,1432,2,3,2,2,432,7
317,13005,7,7,1980,2353,2,4,3,2,484,8
318,9000,8,5,2006,1959,2,3,2,3,1025,12
319,9900,7,5,1993,2646,2,4,2,3,656,4
320,14115,7,5,1980,1472,2,3,1,2,588,6
321,16259,9,5,2006,2596,3,4,2,3,840,9
322,12099,8,5,2004,2468,2,4,2,3,872,6
323,10380,7,5,1987,2730,2,4,2,2,576,8
324,5820,3,8,2005,1163,1,3,1,1,220,7
325,11275,7,7,2007,2978,2,5,2,2,564,6
326,5000,5,6,1950,803,1,2,1,2,360,12
327,10846,8,5,1993,1719,1,1,2,2,473,5
328,11600,6,5,1960,1383,1,3,1,1,292,4
329,11888,6,6,1994,2134,2,5,2,2,441,7
330,6402,5,5,1950,1192,1,3,1,1,189,7
331,10624,5,4,1964,1728,2,6,1,1,352,11
332,8176,5,6,1992,1056,1,3,1,1,308,8
333,10655,8,5,2004,1629,2,3,2,3,880,10
334,8198,7,5,2004,1358,2,2,2,2,484,7
335,9042,6,5,1998,1638,2,3,1,2,472,7
336,164660,5,6,1965,1786,2,3,1,2,529,8
337,14157,9,5,2006,1922,2,3,2,3,676,7
338,9135,7,5,2003,1536,2,3,2,2,532,12
339,14145,7,7,1998,1621,2,3,2,2,440,5
340,12400,6,7,1998,1215,1,3,1,1,297,6
341,14191,8,5,2002,1908,2,4,2,2,431,4
342,8400,4,4,1950,841,1,2,1,1,294,9
343,8544,3,4,1950,1040,2,2,1,2,400,5
344,8849,9,5,2005,1684,2,2,3,2,564,7
345,2592,5,3,1976,1112,1,3,1,1,336,4
346,6435,6,5,1950,1577,1,3,0,1,312,10
347,12772,6,8,1998,958,1,2,1,1,301,4
348,17600,6,5,1960,1478,2,3,1,2,498,12
349,2448,7,5,2004,1626,2,2,2,2,474,10
350,20431,9,5,2006,2728,2,4,3,3,706,4
351,7820,9,5,2007,1869,2,2,3,2,617,12
352,5271,7,5,1986,1453,1,2,2,2,445,12
353,9084,5,6,1950,1111,1,3,1,1,200,3
354,8520,6,8,2003,720,1,2,1,2,484,5
355,8400,6,5,2000,1595,1,2,1,1,240,6
356,11249,6,5,1995,1200,2,3,2,2,521,8
357,9248,6,6,1992,1167,2,3,2,2,400,7
358,4224,5,5,1976,1142,1,3,1,2,528,8
359,6930,5,4,1958,1352,1,3,2,1,288,7
360,12011,8,5,1998,1924,2,3,2,2,592,6
361,7540,6,6,1978,912,1,2,1,2,470,6
362,9144,5,5,1982,1505,1,3,1,1,240,7
363,7301,7,5,2003,1922,3,4,2,2,672,7
364,1680,6,8,2007,987,1,2,2,1,264,5
365,18800,6,5,1976,1574,2,3,1,2,566,7
366,10690,5,7,1997,1344,1,3,1,1,468,7
367,9500,6,5,1963,1394,1,3,1,2,514,7
368,9150,6,5,1962,1431,1,3,1,1,296,12
369,7800,5,6,1954,1268,1,2,1,1,244,3
370,9830,5,7,2006,1287,1,3,2,2,576,3
371,8121,6,5,2000,1664,2,3,1,2,460,1
372,17120,4,4,1959,1588,2,4,1,2,680,7
373,7175,6,5,1984,752,1,2,1,1,264,2
374,10634,5,6,1953,1319,1,3,1,1,270,11
375,8200,7,5,2004,1928,2,4,2,2,434,7
376,10020,1,1,1950,904,0,1,0,0,0,3
377,8846,5,5,1996,914,1,2,1,2,576,7
378,11143,8,5,2005,2466,3,4,2,2,610,12
379,11394,9,2,2010,1856,1,1,3,3,834,6
380,8123,6,5,2000,1800,2,3,1,2,463,6
381,5000,5,6,1950,1691,2,3,2,1,308,5
382,7200,7,5,2006,1301,2,2,2,2,572,8
383,9245,7,5,2006,1797,2,3,2,2,639,4
384,9000,6,3,1950,784,1,2,1,2,360,10
385,53107,6,5,1992,1953,2,3,2,2,501,6
386,3182,8,5,2005,1269,2,2,2,2,430,4
387,8410,5,3,1996,1184,1,5,1,0,0,5
388,7200,6,6,1976,1125,1,3,1,1,352,10
389,9382,7,5,2000,1479,2,3,2,2,577,7
390,12474,10,5,2008,2332,2,3,3,3,846,8
391,8405,5,8,1950,1367,1,4,1,1,384,4
392,12209,6,5,2002,1961,2,3,2,2,560,6
393,8339,5,7,1959,882,1,3,1,1,294,7
394,7446,4,5,1950,788,1,2,1,0,0,4
395,10134,5,6,1950,1034,1,2,1,1,240,7
396,9571,5,6,1956,1144,1,3,1,1,596,6
397,7200,5,5,1972,894,1,2,1,2,600,9
398,7590,5,5,1962,1812,2,4,1,1,264,7
399,8967,5,2,1950,1077,1,2,1,1,338,11
400,8125,7,5,2007,1550,2,2,2,2,438,10
401,14963,8,5,1996,1288,1,1,3,2,500,12
402,8767,7,5,2005,1310,2,3,2,2,400,7
403,10200,5,8,1997,672,1,2,1,1,240,8
404,12090,8,5,1998,2263,2,4,2,2,420,7
405,10364,6,5,1996,1572,2,3,1,2,373,5
406,9991,4,4,1993,1620,2,3,1,2,490,6
407,10480,6,5,1950,1639,1,3,1,1,240,3
408,15576,6,7,1976,1680,2,4,1,1,308,3
409,14154,7,5,2006,2172,2,3,2,3,947,8
410,10800,8,5,2008,2078,2,3,3,3,836,4
411,9571,5,3,1958,1276,1,3,1,1,350,6
412,34650,5,5,1955,1056,1,3,1,2,572,1
413,4403,7,5,2009,1478,2,2,2,2,484,6
414,8960,5,6,1950,1028,1,2,1,2,360,3
415,11228,7,5,1993,2097,2,3,2,3,678,12
416,8899,7,5,2007,1340,2,3,2,2,396,8
417,7844,6,7,1978,1400,1,3,1,2,440,3
418,22420,6,6,1950,2624,2,4,1,3,864,11
419,8160,5,6,1950,1134,1,3,1,1,240,4
420,8450,5,6,1968,1056,1,3,1,1,304,7
421,7060,7,5,1998,1344,2,2,1,4,784,11
422,16635,6,7,2000,1602,2,3,2,2,529,6
423,21750,5,5,1954,988,1,2,1,2,520,2
424,9200,8,5,1998,2630,2,4,2,3,696,6
425,9000,6,5,1956,1196,1,2,1,1,297,5
426,3378,7,8,1992,1389,1,3,1,1,240,9
427,12800,7,5,1989,1644,2,2,2,2,569,8
428,8593,4,6,1957,907,1,3,1,1,352,7
429,6762,7,5,2007,1208,2,2,2,2,628,9
430,11457,6,5,1988,1412,2,3,2,2,576,3
431,1680,6,5,1971,987,1,2,1,1,264,7
432,5586,6,7,1998,1198,1,4,1,0,0,9
433,1920,5,5,1971,1365,1,2,1,2,440,8
434,10839,6,5,1998,1604,2,3,1,2,470,7
435,1890,4,7,1972,630,1,1,1,0,0,6
436,10667,7,6,1996,1661,2,3,2,2,550,4
437,4400,6,8,1950,1118,1,2,1,2,440,10
438,6000,6,7,2004,904,1,2,1,1,180,1
439,4280,5,6,2002,694,1,2,2,1,352,3
440,12354,6,8,2000,1196,1,3,2,2,528,8
441,15431,10,5,2008,2402,2,2,3,3,672,4
442,12108,4,4,1955,1440,2,4,0,0,0,9
443,6240,5,7,1992,1573,2,3,1,2,360,6
444,3922,7,5,2007,1258,2,2,2,3,648,6
445,8750,7,5,1995,1908,2,4,2,2,493,7
446,9855,6,5,1956,1689,1,3,1,2,480,11
447,16492,6,6,2002,1888,2,2,2,2,578,6
448,11214,7,5,1999,1886,2,4,2,2,431,7
449,8600,6,6,1950,1376,2,3,1,1,198,6
450,6000,3,7,2002,1183,1,2,1,1,308,6
451,5684,6,8,2005,813,1,2,2,1,270,6
452,70761,7,5,1975,1533,2,2,2,2,576,12
453,9303,6,5,1997,1756,2,3,1,2,422,7
454,9000,8,5,2008,1590,2,3,2,2,676,6
455,9297,5,5,1976,1728,2,4,1,2,560,7
456,9600,7,6,1973,1242,1,3,1,2,528,9
457,4571,5,5,1950,1344,1,4,1,3,513,5
458,53227,4,6,1994,1663,1,2,2,2,529,3
459,5100,8,7,1996,1666,1,3,2,1,228,6
460,7015,5,4,1950,1203,1,3,2,1,352,7
461,8004,8,5,2009,1935,2,3,1,2,552,12
462,7200,7,9,2007,1135,1,3,2,2,576,4
463,8281,5,5,1965,864,1,3,1,1,360,12
464,11988,6,7,1995,1660,1,3,1,1,240,8
465,8430,5,5,1978,1040,2,3,1,0,0,8
466,3072,7,5,2004,1414,2,2,2,2,398,5
467,10628,7,5,1970,1277,1,2,1,2,526,4
468,9480,5,7,1995,1644,1,3,2,1,312,6
469,11428,8,5,2006,1634,2,3,2,3,866,5
470,9291,6,5,1993,1710,2,3,2,2,506,6
471,6820,8,5,1985,1502,1,1,2,2,528,6
472,11952,7,6,1977,1969,2,3,1,2,534,11
473,3675,6,5,2005,1072,1,2,1,2,525,6
474,14977,8,5,2007,1976,2,2,2,3,908,7
475,5330,8,5,2000,1652,2,2,3,2,499,8
476,8480,5,6,1963,970,1,2,1,2,624,7
477,13125,6,5,1998,1493,2,3,2,2,508,4
478,13693,9,5,2006,2643,2,3,3,3,694,3
479,10637,8,5,2008,1718,2,3,2,3,826,9
480,5925,4,7,2000,1131,1,2,1,2,672,3
481,16033,9,5,2005,1850,2,3,2,3,772,3
482,11846,9,5,2004,1792,2,2,3,3,874,8
483,2500,7,8,2005,1826,1,4,3,1,164,6
484,4500,6,5,1998,1216,2,2,1,2,402,5
485,7758,5,7,2001,999,1,3,2,1,264,3
486,9600,5,7,2007,1113,1,3,2,1,264,7
487,10289,5,7,1965,1073,1,3,1,2,515,6
488,12243,5,6,1971,1484,2,3,1,2,487,2
489,10800,5,4,1970,2414,2,3,1,2,520,5
490,1526,4,8,2002,630,1,1,2,1,286,5
491,2665,5,6,1976,1304,1,3,1,1,336,6
492,9490,6,7,1950,1578,1,3,0,1,240,8
493,15578,6,5,2006,1456,2,3,1,2,429,5
494,7931,5,6,1960,1269,1,3,1,1,308,6
495,5784,5,8,1996,886,1,2,1,1,273,12
496,7879,4,5,1950,720,1,2,1,0,0,11
497,12692,8,5,1993,3228,3,4,2,2,546,5
498,9120,7,6,1950,1820,2,4,1,1,240,6
499,7800,5,7,2004,899,1,3,2,1,288,6
500,7535,5,7,1985,912,1,2,1,1,297,6
501,1890,6,5,1973,1218,1,3,1,1,264,5
502,9803,7,5,2005,1768,2,3,2,2,603,2
503,9170,5,7,1965,1214,1,2,1,2,461,4
504,15602,7,8,1997,1801,2,1,1,2,484,3
505,2308,6,5,1974,1322,2,3,1,2,440,6
506,7596,5,5,1952,1960,2,4,1,2,400,7
507,9554,8,5,1994,1911,2,3,2,2,471,9
508,7862,6,5,2009,1218,2,2,2,2,676,9
509,9600,7,9,2005,1378,2,3,2,2,360,10
510,9600,5,6,1959,1041,1,3,1,1,270,7
511,14559,5,7,2000,1363,1,2,1,1,288,6
512,6792,7,5,2006,1368,2,2,2,2,474,3
513,9100,5,5,1958,864,1,3,1,2,624,7
514,9187,6,5,1983,1080,1,3,1,2,484,6
515,10594,5,5,1950,789,1,2,1,1,200,6
516,12220,10,5,2009,2020,2,3,3,3,900,9
517,10448,6,6,1972,2119,2,3,1,2,583,8
518,10208,7,5,1997,2344,2,3,2,3,889,7
519,9531,6,5,1998,1796,2,3,1,2,546,5
520,10918,7,9,2004,2080,1,3,2,1,282,6
521,10800,4,7,2000,1294,2,3,1,0,0,8
522,11988,6,6,1957,1244,1,3,1,1,336,5
523,5000,6,7,1950,1664,2,3,1,2,420,10
524,40094,10,5,2008,4676,3,3,3,3,884,10
525,11787,7,5,1997,2398,2,3,2,3,834,8
526,7500,7,5,2005,1266,2,3,2,2,453,4
527,13300,5,7,2000,928,1,2,1,1,252,6
528,14948,9,5,2008,2713,2,3,3,3,858,11
529,9098,4,7,2002,605,1,2,1,0,0,7
530,32668,6,3,1975,2515,3,4,1,2,484,3
531,10200,6,5,1989,1509,2,3,2,2,600,8
532,6155,6,8,1999,1362,2,3,1,2,502,6
533,7200,5,7,2007,827,1,2,1,1,392,4
534,5000,1,3,1950,334,1,1,0,0,0,1
535,9056,8,5,2004,1414,2,3,2,2,403,10
536,7000,5,7,1991,1347,1,3,1,0,0,1
537,8924,7,5,1999,1724,2,3,2,2,527,7
538,12735,4,5,1972,864,1,3,1,2,576,4
539,11553,5,5,1968,1159,1,3,1,1,336,7
540,11423,8,5,2002,1601,2,3,2,2,670,5
541,14601,9,5,2006,1838,2,2,3,3,765,3
542,11000,8,5,2000,2285,2,4,2,3,648,6
543,10140,7,5,1999,1680,2,3,2,2,583,6
544,4058,7,5,1998,767,1,1,1,1,367,6
545,17104,7,5,2006,1496,2,3,2,2,426,9
546,13837,7,5,1988,2183,2,4,2,3,786,2
547,8737,6,7,1950,1635,1,3,1,2,440,5
548,7244,5,7,1970,768,1,2,1,2,624,4
549,8235,5,7,1995,825,1,2,1,2,720,6
550,9375,7,5,2004,2094,2,4,2,2,615,11
551,4043,6,6,1977,1069,2,2,1,2,440,10
552,6000,5,6,1957,928,1,3,1,1,288,6
553,11146,8,5,2006,1717,2,3,2,3,908,7
554,8777,4,5,2003,1126,2,2,2,2,520,5
555,10625,7,5,2004,2046,2,3,2,3,871,8
556,6380,5,6,1950,1048,1,2,1,1,280,8
557,14850,5,5,1957,1092,1,2,1,1,299,5
558,11040,4,6,1950,1336,1,3,1,1,570,9
559,21872,7,5,1997,1446,2,3,1,2,406,8
560,3196,7,5,2004,1557,2,2,2,2,420,10
561,11341,5,6,1996,1392,1,3,1,2,528,5
562,10010,5,5,1975,1389,1,2,1,2,418,4
563,13907,5,6,1969,996,1,3,1,0,0,7
564,21780,6,7,1950,1674,2,4,1,2,396,7
565,13346,7,5,2000,2295,2,4,2,2,590,7
566,6858,6,4,1950,1647,1,4,0,1,216,5
567,11198,9,5,2007,2504,2,4,3,3,656,6
568,10171,7,5,2004,1535,2,3,2,2,532,3
569,12327,8,8,2009,2132,1,1,2,2,612,9
570,7032,5,5,1979,943,1,2,1,2,600,12
571,13101,5,5,1965,1728,2,6,1,2,576,11
572,7332,6,6,1959,864,1,2,2,1,288,10
573,13159,7,5,2009,1692,2,3,2,2,650,7
574,9967,7,5,2000,1430,2,3,1,2,400,12
575,10500,5,7,2005,1109,1,3,1,1,288,12
576,8480,5,5,1950,1216,1,2,1,1,336,10
577,6292,7,7,1950,1477,2,3,1,1,216,8
578,11777,5,6,1966,1320,1,3,1,2,564,5
579,3604,7,5,2007,1392,2,2,2,2,540,2
580,12150,5,5,1954,1795,2,4,1,1,352,11
581,14585,6,6,1987,1429,1,3,2,2,572,6
582,12704,8,5,2009,2042,2,3,3,3,1390,8
583,11841,6,5,1990,816,1,3,1,0,0,5
584,13500,10,9,2000,2775,3,3,2,2,880,7
585,6120,4,7,1995,1573,1,3,2,1,240,7
586,11443,8,5,2006,2028,2,2,2,3,880,3
587,10267,6,7,2000,838,1,2,0,1,275,5
588,8740,5,6,1982,860,1,2,1,2,528,7
589,25095,5,8,2003,1473,1,1,3,1,452,6
590,9100,5,6,1960,935,1,2,1,1,308,8
591,8320,7,5,2004,1582,2,3,2,2,520,9
592,13478,10,5,2008,2296,2,3,3,3,842,6
593,6600,5,8,2003,816,1,2,1,2,816,6
594,4435,6,5,2003,848,1,1,2,2,420,5
595,7990,5,6,1975,924,1,3,1,1,280,4
596,11302,8,5,2006,1826,2,3,2,3,758,8
597,3600,6,7,1993,1368,1,3,1,1,216,10
598,3922,7,5,2007,1402,0,2,2,3,648,2
599,12984,5,6,1977,1647,2,3,2,2,621,3
600,1950,6,6,1980,1556,2,3,1,2,452,7
601,10927,8,5,2005,1904,2,3,3,2,736,6
602,9000,6,6,1950,1375,1,3,2,1,544,12
603,10041,8,5,1992,1915,2,3,2,2,506,2
604,3182,7,5,2005,1200,2,2,2,2,480,6
605,12803,7,5,2002,1494,2,3,2,2,530,9
606,13600,7,6,1990,1986,2,3,1,2,486,10
607,12464,5,5,1996,1040,1,3,2,2,576,11
608,7800,5,8,2002,2008,3,3,3,1,230,8
609,12168,8,6,1998,3194,2,4,1,2,380,9
610,7943,4,5,1961,1029,1,3,1,1,261,4
611,11050,9,5,2000,2153,2,3,3,3,736,5
612,10395,6,6,1978,1032,2,3,1,2,564,7
613,11885,8,5,2001,1872,2,3,3,2,531,11
614,8402,5,5,2007,1120,1,3,1,0,0,12
615,1491,4,6,1972,630,1,1,1,0,0,5
616,8800,6,7,1963,1054,1,3,2,2,480,5
617,7861,6,5,2003,1509,2,3,2,2,393,6
618,7227,6,6,1954,832,1,2,2,2,528,6
619,11694,9,5,2007,1828,2,3,2,3,774,7
620,12244,8,5,2003,2262,2,4,2,3,749,8
621,8248,3,3,1950,864,1,2,1,0,0,9
622,10800,6,7,1997,2614,2,4,1,2,624,6
623,7064,5,6,1977,980,1,3,1,2,484,7
624,2117,6,5,2000,1512,2,2,2,2,440,6
625,10400,6,5,1972,1790,1,4,1,2,484,11
626,10000,6,6,1962,1116,1,3,1,2,440,2
627,12342,5,5,1978,1422,1,3,1,1,286,8
628,9600,6,6,1972,1520,1,3,1,1,364,3
629,11606,5,5,1969,2080,1,5,0,2,504,9
630,9020,6,5,1964,1350,1,3,1,2,520,6
631,9000,5,6,1991,1750,1,3,3,1,240,6
632,4590,8,5,2006,1554,2,2,2,2,627,8
633,11900,7,5,1977,1411,2,3,1,2,544,4
634,9250,5,7,2005,1056,1,3,1,1,260,7
635,6979,6,5,1980,1056,0,0,1,2,576,6
636,10896,6,7,1995,3395,2,8,0,0,0,3
637,6120,2,3,1950,800,1,1,0,0,0,1
638,6000,5,4,1954,1387,2,3,2,1,256,11
639,8777,5,7,1950,796,1,2,1,0,0,5
640,3982,8,5,2006,1567,2,1,3,3,648,10
641,12677,8,5,2004,1518,1,1,3,2,588,4
642,7050,7,5,2001,1929,2,3,2,2,650,5
643,13860,8,7,1995,2704,2,4,3,2,538,7
644,10793,5,5,1969,1620,2,4,1,2,462,4
645,9187,9,5,2009,1766,2,2,3,3,478,10
646,10530,6,5,1971,981,1,3,1,2,576,3
647,7200,5,5,1950,1048,1,3,1,2,420,7
648,10452,6,5,1953,1094,1,3,1,2,495,6
649,7700,6,5,1966,1839,1,4,1,2,442,6
650,1936,4,6,1970,630,1,1,1,0,0,12
651,8125,7,6,2007,1665,2,3,2,2,562,5
652,9084,4,5,1950,1510,1,4,1,1,296,10
653,8750,7,5,1996,1716,2,2,2,2,512,7
654,10320,6,7,1995,1469,1,3,1,1,216,6
655,10437,8,6,1995,2113,2,2,2,3,839,8
656,1680,6,5,1971,1092,1,3,1,1,264,3
657,10007,5,7,2006,1053,1,3,2,1,312,8
658,7200,7,6,2000,1502,1,3,1,1,270,2
659,17503,6,5,1950,1458,1,3,1,1,330,1
660,9937,5,7,1999,1486,1,3,1,2,480,3
661,12384,7,7,1976,1935,2,3,1,2,550,11
662,46589,8,7,2005,2448,2,4,2,3,711,7
663,13560,6,3,1968,1392,1,2,1,2,576,7
664,10012,4,5,1972,1181,2,3,1,2,588,4
665,20896,8,5,2006,2097,1,1,3,3,1134,1
666,11194,8,5,2000,1936,2,3,2,2,504,11
667,18450,6,5,1979,2380,2,3,1,2,596,8
668,8125,6,5,1998,1679,2,3,2,2,575,10
669,14175,5,6,1987,1437,1,3,1,2,576,11
670,11600,4,5,1950,1180,1,2,0,1,252,7
671,8633,6,5,2005,1476,2,3,2,2,540,2
672,6629,6,6,1950,1369,2,3,1,1,300,7
673,11250,6,6,1977,1208,1,3,1,2,546,6
674,14442,6,7,2004,1839,2,3,2,2,416,6
675,9200,6,6,1965,1136,1,3,1,1,384,7
676,2289,6,6,1978,1441,2,3,1,2,440,4
677,9600,4,2,1950,1774,2,4,1,3,779,5
678,9022,5,8,2006,792,1,2,2,1,240,5
679,11844,8,5,2008,2046,2,3,2,3,834,7
680,9945,5,5,1961,988,1,3,1,2,572,10
681,8012,6,5,1980,923,2,2,1,1,264,5
682,4500,5,5,2000,1520,1,3,1,1,281,7
683,2887,6,5,1997,1291,1,2,2,2,431,11
684,11248,9,5,2002,1668,2,3,2,3,702,7
685,16770,7,5,1998,1839,2,4,1,2,486,6
686,5062,7,5,1984,2090,2,3,2,2,577,9
687,10207,7,6,2007,1761,3,3,2,2,578,8
688,5105,7,5,2004,1102,2,2,2,2,480,3
689,8089,8,6,2007,1419,2,2,2,2,567,10
690,7577,6,5,2006,1362,2,2,2,2,460,6
691,4426,6,5,2004,848,1,1,2,2,420,5
692,21535,10,6,1995,4316,3,4,3,3,832,1
693,26178,7,5,1990,2519,2,4,2,2,628,4
694,5400,5,6,1968,1073,1,2,1,1,326,12
695,6120,5,6,1950,1539,1,3,1,2,576,4
696,13811,6,6,1987,1137,2,2,2,2,551,7
697,6000,5,7,1950,616,1,2,1,1,205,6
698,6420,5,7,1952,1148,1,2,1,1,308,9
699,8450,5,8,2009,894,1,3,1,1,336,4
700,4282,7,5,2004,1391,2,2,2,2,530,7
701,14331,8,5,2002,1800,2,3,2,3,765,5
702,9600,7,5,1969,1164,1,3,1,2,528,7
703,12438,8,5,2006,2576,2,4,3,3,666,7
704,7630,5,9,1996,1812,2,4,2,2,672,5
705,8400,7,5,2005,1484,2,3,2,2,606,5
706,5600,4,5,1950,1092,2,3,0,0,0,7
707,115149,7,5,2002,1824,2,2,2,2,739,6
708,6240,8,5,2006,1324,2,2,2,2,550,12
709,9018,7,5,2007,1456,2,3,2,2,400,7
710,7162,5,7,1966,904,1,3,1,1,408,12
711,4130,3,6,2003,729,1,2,1,0,0,7
712,8712,4,7,1950,1178,1,2,1,1,384,1
713,4671,8,5,1989,1228,2,2,2,2,472,10
714,9873,4,5,1970,960,1,3,1,2,576,5
715,13517,6,8,2005,1479,2,3,2,2,475,3
716,10140,6,5,1974,1350,2,3,1,2,478,8
717,10800,7,8,1998,2554,1,3,1,2,704,7
718,10000,5,6,2000,1178,1,3,2,2,439,11
719,10542,7,5,1994,2418,2,3,2,3,983,8
720,9920,5,6,1969,971,1,3,1,1,300,5
721,6563,8,5,1985,1742,2,2,2,2,564,12
722,4426,6,5,2004,848,1,1,2,2,420,5
723,8120,4,7,1970,864,1,3,1,2,463,7
724,8172,4,6,1972,1470,2,4,1,1,548,5
725,13286,9,5,2008,1698,2,3,3,3,768,2
726,6960,4,6,1970,864,1,3,2,2,660,11
727,21695,6,9,2007,1680,2,3,2,2,540,12
728,7314,7,5,2007,1232,2,2,2,2,632,2
729,11475,5,5,1958,1776,2,4,1,3,888,7
730,6240,4,5,1950,1208,1,2,1,2,539,1
731,5389,8,5,1996,1616,2,2,2,2,608,3
732,9590,7,5,2003,1146,2,3,2,2,438,5
733,11404,7,5,1999,2031,2,3,2,2,541,7
734,10000,5,6,1983,1144,1,3,1,1,264,3
735,8978,5,5,1968,948,1,3,1,1,300,5
736,10800,7,7,1970,1768,1,2,1,2,320,10
737,8544,3,4,1950,1040,2,2,1,2,400,7
738,10463,8,5,2005,1801,2,3,2,3,800,6
739,10800,5,5,1988,1200,3,3,1,0,0,3
740,9313,7,5,2004,1728,2,3,2,2,572,4
741,9600,5,7,2002,1432,2,2,1,2,360,5
742,6768,6,8,1996,912,1,3,2,1,288,5
743,8450,7,5,2001,1349,2,3,1,2,539,12
744,12886,5,6,1999,1464,2,3,1,2,480,10
745,5395,8,5,1993,1337,2,2,2,2,462,10
746,8963,8,9,1996,2715,3,4,2,2,831,7
747,8795,7,5,2000,2256,2,4,2,2,554,4
748,11700,7,7,2003,2640,1,4,2,4,864,5
749,10593,7,5,1996,1720,2,3,2,2,527,3
750,8405,4,3,1950,1529,2,4,1,1,240,4
751,8800,4,7,2004,1140,1,3,1,0,0,6
752,7750,7,5,2003,1320,2,3,2,2,400,8
753,9236,6,5,1997,1494,2,3,2,2,576,7
754,10240,8,5,2005,2098,2,3,3,3,878,3
755,7930,6,8,2005,1026,1,3,2,2,440,7
756,3230,6,5,1999,1471,2,3,1,2,440,3
757,10769,8,5,2007,1768,2,3,2,2,578,4
758,11616,6,5,1978,1386,2,3,1,2,440,4
759,2280,7,5,1999,1501,2,3,1,2,440,8
760,12257,8,5,1995,2531,2,4,2,3,752,11
761,9100,6,6,1959,864,1,2,1,1,300,10
762,6911,5,5,1950,1301,1,2,0,2,440,10
763,8640,7,5,2009,1547,2,3,2,2,614,6
764,9430,8,5,1999,2365,2,3,2,3,856,7
765,9549,8,5,1996,1494,1,2,3,2,481,4
766,14587,9,5,2008,1506,2,2,3,2,592,8
767,10421,7,5,1988,1714,2,3,1,2,496,3
768,12508,6,7,1985,1750,2,4,1,1,423,7
769,9100,7,5,2005,1836,2,3,2,2,484,10
770,53504,8,5,2003,3279,3,4,3,3,841,6
771,7252,5,5,1982,858,1,2,1,2,576,4
772,8877,4,5,1951,1220,1,2,1,2,396,4
773,7819,6,5,1976,1117,1,3,1,2,672,3
774,10150,5,5,1958,912,1,2,1,1,275,7
775,14226,8,5,2006,1973,2,3,2,3,895,7
776,4500,6,5,1998,1204,2,2,1,2,412,6
777,11210,7,5,2006,1614,2,3,2,3,865,7
778,13350,5,5,1974,894,1,3,1,2,440,6
779,8400,5,5,1977,2020,2,4,1,2,630,10
780,10530,6,5,1977,1004,1,2,1,2,504,5
781,7875,7,5,1996,1253,2,3,1,2,402,6
782,7153,6,5,1992,1603,2,3,2,2,484,7
783,16285,7,5,2002,1430,2,3,2,2,605,6
784,9101,5,6,1978,1110,1,1,2,2,602,7
785,6300,6,6,2001,1484,2,3,1,0,0,6
786,9790,6,5,1967,1342,2,3,1,2,457,9
787,10800,5,6,1950,1652,2,4,1,1,416,6
788,10142,7,5,2004,2084,2,4,2,2,618,1
789,6000,4,7,2000,901,1,2,1,1,281,8
790,12205,6,8,2007,2087,2,5,2,2,444,7
791,3182,7,5,2006,1145,2,2,2,2,397,9
792,11333,6,5,1976,1062,1,3,1,2,539,5
793,9920,7,5,1997,2013,2,3,1,2,455,6
794,9158,8,5,2007,1496,2,3,2,2,474,6
795,10832,7,5,1996,1895,2,3,2,2,409,10
796,8400,6,6,1981,1564,2,3,1,2,476,4
797,8197,6,5,1977,1285,1,3,1,2,528,4
798,7677,5,5,1953,773,1,2,1,1,240,4
799,13518,9,5,2009,3140,3,4,3,3,820,7
800,7200,5,7,1950,1768,1,3,2,1,240,6
801,12798,6,5,1997,1688,2,4,2,2,603,5
802,4800,4,7,1990,1196,1,2,1,2,440,7
803,8199,7,5,2005,1456,2,3,2,2,410,10
804,13891,9,5,2009,2822,3,4,3,3,1020,1
805,9000,5,5,1954,1128,1,2,1,1,286,6
806,12274,7,5,2008,1428,2,3,3,2,554,7
807,9750,5,5,1967,980,2,3,1,1,384,10
808,21384,5,6,2004,1576,1,3,2,2,528,5
809,13400,5,5,1966,1086,1,3,1,2,484,6
810,8100,5,5,1965,2138,2,2,1,2,360,11
811,10140,6,6,1999,1309,1,3,2,2,484,1
812,4438,6,5,2004,848,1,1,2,2,420,6
813,8712,5,5,1952,1044,1,2,0,2,504,6
814,9750,6,6,1958,1442,1,4,1,1,301,4
815,8248,5,7,1950,1250,1,3,0,1,280,7
816,12137,7,5,1998,1661,2,3,2,2,598,5
817,11425,5,6,1954,1008,1,2,1,1,275,7
818,13265,8,5,2002,1689,2,3,2,3,857,7
819,8816,6,7,1971,1052,1,3,1,2,440,6
820,6371,7,5,2010,1358,2,2,2,2,484,6
821,7226,7,5,2003,1640,2,3,2,2,595,6
822,6000,4,4,1953,936,1,2,1,2,576,2
823,12394,7,5,2003,1733,2,3,2,2,433,10
824,9900,6,7,1950,1489,2,3,1,1,240,7
825,11216,8,5,2006,1489,2,3,2,2,776,6
826,14803,10,5,2008,2084,2,2,3,3,1220,6
827,6130,5,6,1950,784,1,2,2,0,0,5
828,8529,7,5,2001,1434,2,3,2,2,527,4
829,28698,5,5,1967,2126,2,3,1,2,538,6
830,2544,7,5,2005,1223,2,2,2,2,480,7
831,11900,6,5,1957,1392,1,3,1,2,458,6
832,3180,7,5,2005,1200,2,2,2,2,480,6
833,9548,7,6,2003,1829,2,3,2,2,613,1
834,10004,6,6,1964,1516,1,3,1,2,472,2
835,7875,5,6,1961,1144,1,3,1,2,456,9
836,9600,4,7,1995,1067,2,2,2,2,436,2
837,8100,5,6,1973,1559,1,2,1,2,812,6
838,1680,6,5,1973,987,1,2,1,1,264,11
839,9525,5,6,2006,1099,1,3,2,1,352,6
840,11767,5,6,1995,1200,1,3,1,1,240,5
841,12155,6,8,1950,1482,2,4,0,1,400,3
842,10440,5,8,2002,1539,2,3,2,2,686,6
843,9020,6,7,1966,1165,1,3,1,2,490,5
844,8000,5,4,1961,1800,2,6,1,0,0,7
845,12665,5,8,1950,1416,1,4,1,3,720,6
846,16647,5,5,1981,1701,2,3,1,2,611,1
847,9317,7,5,1993,1775,2,3,2,2,425,7
848,15523,5,6,1972,864,1,3,1,1,338,8
849,45600,6,8,1997,2358,3,5,1,2,360,9
850,9600,6,7,1994,1855,2,3,1,2,512,8
851,4435,6,5,2003,848,1,1,2,2,420,11
852,3196,8,5,2003,1456,2,2,2,2,400,5
853,7128,7,5,1950,1646,2,4,1,1,240,8
854,12095,6,6,1964,1445,1,3,1,2,645,8
855,17920,5,4,1974,1779,1,3,1,2,454,7
856,6897,5,8,2010,1040,1,3,1,1,260,4
857,10970,6,6,1978,1026,1,3,1,2,576,10
858,8125,6,5,1995,1481,2,3,1,2,343,3
859,10400,7,5,1976,1370,2,3,1,2,479,6
860,11029,6,7,1984,2654,2,4,2,2,619,8
861,7642,7,8,1998,1426,1,3,2,1,216,6
862,11625,5,4,1965,1039,1,3,1,2,504,4
863,9672,6,5,1985,1097,2,3,1,2,480,5
864,7931,5,5,1959,1148,1,3,1,1,672,7
865,8640,7,5,2008,1372,2,3,2,2,529,5
866,8750,5,6,1970,1002,1,3,1,2,902,8
867,10656,8,5,2007,1646,2,3,2,3,870,11
868,6970,4,5,1961,1120,1,3,0,2,544,5
869,14762,5,6,1950,2320,2,2,1,2,672,5
870,9938,7,5,1994,1949,2,3,2,2,574,6
871,6600,5,5,1962,894,1,2,1,1,308,8
872,8750,6,5,1998,1682,2,3,2,2,523,6
873,8892,5,7,1996,910,1,3,2,2,414,10
874,12144,5,7,1950,1268,1,3,1,1,288,9
875,5720,5,6,1950,1131,1,3,1,1,200,8
876,9000,8,5,2007,2610,2,4,3,2,550,8
877,25286,4,5,1963,1040,1,3,1,2,648,1
878,8834,9,5,2005,2224,2,4,3,3,738,6
879,11782,5,7,1995,1155,1,3,2,2,576,6
880,7000,5,8,2005,864,1,3,1,1,336,7
881,7024,5,5,2006,1090,1,2,1,2,450,6
882,13758,7,5,1991,1717,2,3,2,2,400,4
883,9636,6,5,1993,1593,2,3,1,2,389,12
884,6204,4,5,1950,2230,1,5,1,1,440,3
885,7150,5,5,1967,892,1,3,1,1,288,7
886,5119,9,5,2000,1709,2,2,2,2,506,1
887,8393,5,5,2005,1712,2,4,1,2,588,6
888,16466,5,7,1955,1393,1,3,1,1,300,4
889,15865,8,6,1970,2217,2,4,2,2,621,10
890,12160,6,4,1953,1505,1,2,1,2,505,2
891,8064,5,7,2006,924,1,3,1,2,576,7
892,11184,6,5,1978,1683,2,3,1,2,440,7
893,8414,6,8,2003,1068,1,3,1,1,264,2
894,13284,5,5,1954,1383,1,3,1,1,354,6
895,7018,5,5,1979,1535,2,4,1,2,400,6
896,7056,6,5,1963,1796,1,4,1,2,483,10
897,8765,4,6,1950,951,1,2,1,1,327,4
898,7018,5,5,1979,2240,2,6,1,2,528,6
899,12919,9,5,2010,2364,2,2,3,3,820,3
900,6993,5,7,1994,1236,1,3,1,1,288,6
901,7340,4,6,1971,858,1,2,1,1,684,6
902,8712,5,7,2000,1306,1,2,1,1,756,5
903,7875,7,5,2003,1509,2,3,2,2,393,7
904,14859,7,5,2006,1670,2,3,2,3,690,8
905,6173,5,6,1967,902,1,3,1,1,288,8
906,9920,5,5,1954,1063,1,3,1,1,280,2
907,13501,8,5,2006,1636,2,3,2,3,865,6
908,11500,7,7,1987,2057,1,3,2,1,180,6
909,8885,5,5,1983,902,1,2,1,2,484,6
910,12589,6,5,2005,1484,2,3,2,2,390,6
911,11600,5,5,1960,2274,2,5,1,2,480,1
912,9286,5,7,1989,1268,1,3,2,1,252,10
913,6120,5,7,1950,1015,1,3,1,1,450,7
914,6270,5,6,1950,2002,2,4,1,3,871,8
915,3000,6,5,2009,1224,2,2,2,2,528,6
916,2001,4,5,1970,1092,1,3,1,1,286,1
917,9000,2,3,1950,480,0,1,1,1,308,10
918,17140,4,6,1956,1229,1,3,1,1,284,4
919,13125,7,5,1991,2127,2,4,2,3,833,11
920,11029,6,8,2002,1414,1,3,1,2,601,5
921,8462,6,5,1994,1721,2,3,2,2,471,7
922,8777,5,7,2003,2200,2,4,1,0,0,9
923,10237,6,5,2006,1316,2,3,2,2,397,10
924,8012,6,5,1994,1617,2,2,2,2,533,7
925,10240,6,6,1980,1686,2,3,1,2,612,5
926,15611,5,6,1977,1126,2,3,3,2,540,3
927,11999,8,5,2004,2374,2,4,3,3,656,5
928,9900,7,5,1968,1978,2,4,1,2,486,4
929,11838,8,5,2001,1788,2,3,3,2,522,6
930,13006,7,5,1997,2236,2,4,2,2,642,11
931,8925,8,5,2007,1466,2,3,2,3,610,7
932,9100,5,6,1965,925,1,2,1,1,429,7
933,11670,9,5,2006,1905,2,3,3,3,788,3
934,8487,7,5,2004,1500,2,3,2,2,570,8
935,27650,7,7,2007,2069,2,4,2,2,505,11
936,5825,4,5,1953,747,1,1,1,2,528,6
937,10083,7,5,2003,1200,2,2,2,2,555,8
938,9675,7,5,2005,1971,2,3,2,2,689,2
939,8760,7,5,2006,1962,2,3,2,3,868,8
940,24090,7,7,1950,2403,2,4,1,1,349,6
941,12640,6,5,1976,1728,2,4,1,2,574,7
942,8755,7,5,1999,2060,2,3,2,2,390,6
943,7711,4,3,1977,1440,2,4,1,0,0,8
944,25000,5,4,1967,1632,2,4,1,2,576,6
945,14375,6,6,1958,1344,1,3,2,2,525,1
946,8820,5,6,1996,1869,1,2,1,2,456,9
947,8163,5,6,1959,1144,1,3,1,1,796,3
948,14536,8,5,2003,1629,2,3,2,3,808,11
949,14006,7,5,2002,1776,2,3,2,2,474,2
950,9360,6,7,2006,1381,1,3,2,2,676,3
951,7200,5,8,2002,864,1,3,2,2,720,7
952,7800,5,5,1965,965,1,3,1,1,300,7
953,7200,5,8,2003,768,1,2,1,1,396,4
954,11075,5,4,1969,1968,2,4,1,2,530,9
955,9400,6,5,1975,980,2,4,1,0,0,10
956,7136,6,6,1950,1958,2,4,1,2,492,8
957,1300,6,6,1980,1229,1,2,1,2,462,5
958,7420,5,5,1962,1057,1,3,1,2,576,4
959,8450,7,5,2003,1337,2,3,2,2,531,10
960,2572,7,5,1999,1416,2,3,2,2,484,5
961,7207,5,7,2008,858,1,2,1,0,0,2
962,12227,6,7,1995,2872,2,4,1,2,619,7
963,2308,6,6,1976,1548,2,3,2,2,440,7
964,11923,9,5,2007,1800,2,2,3,2,702,5
965,11316,7,5,2003,1894,2,4,2,2,510,2
966,10237,6,5,2007,1484,2,3,2,2,393,7
967,9600,5,7,1950,1308,1,2,1,1,256,6
968,7390,5,7,1955,1098,1,3,1,1,260,7
969,5925,3,6,1950,968,1,2,1,0,0,5
970,10382,6,5,1958,1095,1,2,1,1,264,3
971,10800,4,4,1950,1192,1,4,1,0,0,12
972,2268,7,5,2004,1626,2,2,2,2,474,7
973,7892,6,5,1979,918,2,2,1,1,264,4
974,11639,7,5,2008,1428,2,3,2,2,480,12
975,11414,7,8,1993,2019,1,3,2,2,532,10
976,2651,7,5,2000,1382,2,3,2,2,490,4
977,5900,4,7,1958,869,1,2,0,0,0,8
978,4274,7,5,2007,1241,1,1,2,2,569,11
979,9450,4,5,1954,894,1,3,1,2,400,5
980,8816,5,6,1963,1121,1,3,1,2,480,6
981,12122,7,9,2007,999,1,3,3,2,588,7
982,12203,8,5,1999,2612,2,4,2,3,676,7
983,3182,7,5,2007,1266,2,2,2,2,388,3
984,11250,8,5,2002,2290,2,4,2,2,779,5
985,10125,5,5,1977,1734,2,4,2,2,539,8
986,10880,5,5,1950,1164,1,3,1,1,240,8
987,5310,6,8,2003,1635,1,2,2,1,255,6
988,10159,9,5,2010,1940,2,3,3,3,606,4
989,12046,6,6,1976,2030,2,4,2,2,551,6
990,8125,7,5,2006,1576,2,3,2,2,614,8
991,9452,8,5,1998,2392,2,3,2,3,870,6
992,17671,8,9,1986,1742,1,4,2,2,424,11
993,9760,6,8,1993,1851,2,3,2,2,440,7
994,8846,6,5,2006,1500,2,3,2,2,564,8
995,12456,10,5,2007,1718,2,3,3,3,786,7
996,4712,4,7,1950,1230,1,3,1,1,305,8
997,10659,5,6,1961,1050,1,3,1,1,368,1
998,11717,6,6,1970,1442,2,2,1,2,615,2
999,9786,3,4,1950,1077,1,3,1,1,210,5
1000,6762,7,5,2006,1208,2,2,2,2,632,2
1001,10206,3,3,1952,944,1,2,0,2,528,7
1002,5400,5,6,1950,691,1,2,3,1,216,1
1003,11957,8,5,2006,1574,2,3,2,3,824,7
1004,11500,5,6,1976,1680,2,4,1,2,528,6
1005,3182,7,5,2006,1504,2,1,2,2,457,5
1006,8385,5,8,1977,985,2,3,1,1,328,11
1007,12155,6,3,1970,1657,2,3,1,2,484,3
1008,2217,4,4,1970,1092,1,3,1,1,286,8
1009,12118,7,5,2005,1710,2,3,2,2,550,4
1010,6000,5,5,1950,1522,2,4,1,0,0,6
1011,21286,5,5,1950,1271,2,4,1,1,312,8
1012,9825,5,5,1965,1664,2,4,1,0,0,5
1013,10592,6,7,1996,1502,1,3,2,1,180,8
1014,7200,5,4,2006,1022,1,2,1,1,280,6
1015,11664,6,5,1950,1082,1,2,1,1,240,11
1016,8400,8,6,2001,1665,2,3,2,2,528,11
1017,11883,7,5,1996,1504,2,3,2,2,478,6
1018,5814,8,5,1984,1360,1,1,2,2,565,8
1019,10784,7,5,1992,1472,2,3,2,2,402,5
1020,3013,7,5,2005,1506,2,2,2,2,440,4
1021,7024,4,5,2005,1132,1,2,2,2,451,6
1022,7406,7,5,2006,1220,2,2,2,2,632,7
1023,9439,5,5,1950,1248,1,2,1,1,160,3
1024,3182,7,5,2006,1504,2,2,2,2,437,5
1025,15498,8,6,1976,2898,2,2,2,2,665,5
1026,7700,5,5,1972,882,1,3,1,2,461,3
1027,9300,5,5,1960,1264,1,3,1,2,461,4
1028,9520,8,5,2008,1646,2,3,2,3,800,4
1029,9492,5,5,1950,1376,1,3,1,1,240,4
1030,1680,6,7,1972,1218,1,3,1,1,264,5
1031,7082,5,8,1995,1928,2,5,1,0,0,7
1032,15863,7,3,1970,3082,2,5,1,2,672,8
1033,14541,8,7,1993,2520,2,5,2,3,796,11
1034,8125,7,5,2002,1654,2,3,2,3,900,2
1035,6305,5,7,1950,954,1,2,0,1,240,6
1036,11500,4,3,1957,845,1,3,1,1,290,1
1037,12898,9,5,2008,1620,2,2,3,3,912,9
1038,9240,8,5,2002,2263,2,3,2,2,905,9
1039,1533,4,6,2008,1344,1,3,1,0,0,5
1040,1477,4,4,1970,630,1,1,1,1,286,4
1041,13125,5,4,2000,1803,2,3,1,2,484,1
1042,9130,6,8,2000,1632,1,4,2,2,484,7
1043,5381,6,5,2005,1306,2,1,2,2,624,8
1044,11839,7,5,1990,2329,2,4,2,2,514,5
1045,9600,8,5,1981,2524,2,4,2,2,542,7
1046,13680,3,5,1955,1733,2,4,1,2,452,6
1047,16056,9,5,2006,2868,3,4,3,3,716,7
1048,9245,5,5,1995,990,1,3,1,2,672,2
1049,21750,5,4,2006,1771,1,3,1,2,336,11
1050,11100,4,7,2006,930,1,2,2,1,308,4
1051,8993,7,5,2007,1302,2,3,2,2,436,8
1052,11175,7,5,2007,1316,2,3,2,2,440,10
1053,9500,6,6,1978,1977,1,4,1,2,540,6
1054,8562,5,6,2002,1526,1,4,1,1,364,5
1055,11367,8,5,2002,1989,2,3,2,2,586,11
1056,11361,6,5,1976,1523,2,3,1,2,478,5
1057,7052,7,5,2005,1364,2,2,2,2,484,6
1058,29959,7,6,1994,1850,2,3,2,2,467,1
1059,11308,9,5,2008,2184,2,3,3,3,836,7
1060,11275,6,7,1950,1991,1,3,1,2,432,3
1061,4920,8,5,2001,1338,2,2,2,2,582,4
1062,18000,3,4,1950,894,1,2,1,3,1248,8
1063,13600,5,5,1950,2337,2,5,1,2,560,9
1064,6000,6,6,1980,1103,1,2,2,2,440,7
1065,11000,5,6,1966,1154,1,3,1,2,480,11
1066,14000,7,5,1997,2260,2,3,2,2,533,4
1067,7837,6,7,1994,1571,2,3,1,2,380,5
1068,9760,6,6,1964,1611,1,4,1,2,442,6
1069,3964,6,4,1973,2521,2,5,1,2,576,6
1070,9600,5,7,2003,893,1,2,2,2,576,5
1071,10152,5,5,1956,1048,1,3,1,1,286,6
1072,11700,6,6,1968,1556,1,4,1,2,441,5
1073,7585,5,3,1950,1456,1,4,1,1,280,8
1074,7950,6,6,1977,1426,1,3,1,2,440,7
1075,8556,7,5,2006,1240,2,2,2,3,826,5
1076,13125,7,6,1984,1740,1,3,1,1,240,7
1077,10800,5,8,1989,1466,2,3,2,2,566,4
1078,15870,5,5,1969,1096,1,3,1,1,299,3
1079,4435,6,5,2004,848,1,1,2,2,420,5
1080,8775,5,5,1994,990,1,3,1,1,299,4
1081,11040,6,7,2004,1258,2,3,2,2,528,10
1082,7500,5,5,1963,1040,1,3,1,1,308,6
1083,8749,7,5,2002,1459,2,3,2,2,527,9
1084,8800,6,6,1964,1251,1,3,1,1,461,3
1085,13031,6,5,1996,1498,2,3,1,2,409,7
1086,9069,6,6,1992,996,1,2,2,2,564,4
1087,1974,4,5,1973,1092,1,3,1,1,286,5
1088,10574,8,5,2006,1953,2,3,2,3,1043,5
1089,2522,7,5,2004,1709,2,3,2,2,380,4
1090,3316,8,5,2005,1247,1,1,2,2,550,4
1091,8544,3,4,1950,1040,2,2,1,2,400,6
1092,2160,7,5,2000,1252,2,2,2,2,462,3
1093,8400,6,5,1950,1694,2,4,1,2,576,6
1094,9230,5,8,1998,1200,1,1,2,2,884,10
1095,5868,5,7,2000,936,1,2,1,1,308,5
1096,9317,6,5,2006,1314,2,3,2,2,440,3
1097,6882,6,7,2006,1355,1,3,2,0,0,3
1098,3696,8,5,1986,1088,1,2,2,2,461,10
1099,6000,4,6,1950,1324,1,3,1,1,240,7
1100,11880,7,5,1978,1601,2,3,1,2,478,4
1101,8400,2,5,1950,438,1,1,0,1,246,1
1102,9758,5,5,1971,950,1,3,1,1,280,7
1103,7000,5,7,2002,1134,1,2,1,1,254,4
1104,8910,6,6,1959,1194,1,3,1,2,539,7
1105,2016,5,5,1970,1302,2,3,1,2,440,4
1106,12256,8,5,1995,2622,2,3,2,2,712,4
1107,10357,7,5,1991,1442,2,3,2,2,719,5
1108,23257,7,5,2006,2021,2,3,2,2,422,9
1109,8063,6,5,2000,1690,2,3,1,2,463,11
1110,11362,8,5,2005,1836,2,3,2,3,862,3
1111,8000,6,5,1996,1658,2,3,1,2,431,6
1112,10480,7,6,1976,1964,2,4,1,2,483,9
1113,7100,5,7,1957,816,1,2,1,1,308,7
1114,8923,5,7,2006,1008,1,2,2,1,240,5
1115,5400,5,7,2000,833,1,2,2,1,326,8
1116,12085,8,5,2007,1734,2,3,3,3,928,11
1117,7750,8,5,2002,1419,2,3,2,2,527,3
1118,9764,5,7,2003,894,1,3,2,2,450,5
1119,13825,5,6,1987,1601,1,3,1,1,300,12
1120,7560,5,5,1959,1040,1,3,1,1,286,7
1121,8263,6,5,1950,1012,1,2,1,1,308,5
1122,10084,7,5,2006,1552,2,3,2,3,782,7
1123,8926,4,3,1956,960,1,3,1,1,288,10
1124,9405,5,9,2008,698,1,2,1,0,0,6
1125,9125,7,5,1992,1482,2,3,2,2,392,7
1126,10434,4,5,1955,1005,1,2,0,2,672,11
1127,3684,7,5,2007,1555,2,2,2,3,660,6
1128,14572,7,5,2004,1530,2,3,2,3,630,11
1129,11796,7,5,2005,1959,2,4,2,2,434,7
1130,7200,5,5,1980,936,1,2,1,2,672,8
1131,7804,4,3,1950,1981,2,4,2,2,576,12
1132,10712,5,5,1992,974,1,3,1,0,0,9
1133,9900,6,4,1950,2210,2,5,0,1,205,5
1134,9828,8,5,1995,2020,2,3,2,2,466,6
1135,8773,6,5,1997,1600,2,3,1,2,460,8
1136,6180,6,5,1950,986,1,2,1,1,180,5
1137,9600,6,5,1950,1252,1,3,1,1,288,4
1138,6342,5,8,1996,1020,1,2,1,0,0,5
1139,9819,6,5,1977,1567,2,2,2,2,714,5
1140,8731,5,5,1950,1167,1,3,1,2,495,5
1141,7350,5,7,1951,952,1,2,1,2,840,6
1142,10304,5,7,1976,1868,2,4,2,2,484,10
1143,9965,8,5,2007,2828,3,4,2,3,1052,4
1144,9000,5,3,1959,1006,1,3,1,0,0,7
1145,12180,4,4,1950,924,1,2,0,1,280,7
1146,6240,5,6,1950,1576,1,3,1,1,225,8
1147,11200,6,5,1985,1298,2,3,2,2,403,5
1148,12000,7,7,1950,1564,1,3,0,1,234,7
1149,5700,7,7,1950,1111,1,2,1,1,288,8
1150,9000,7,9,1988,1482,1,3,1,2,324,7
1151,8280,6,5,1950,932,1,2,2,1,306,11
1152,17755,5,4,1959,1466,1,3,0,2,528,11
1153,14115,6,7,2004,1811,1,2,3,2,470,7
1154,5890,6,8,2007,816,1,2,1,1,432,6
1155,13700,7,6,1988,1820,1,4,2,2,492,5
1156,10768,5,8,2004,1437,2,3,2,2,528,7
1157,9350,5,8,1999,1265,2,3,2,2,502,10
1158,5001,7,5,2008,1314,2,2,2,2,626,7
1159,11932,8,5,2008,1580,2,3,2,3,830,6
1160,9120,6,6,1974,1876,2,4,2,2,540,7
1161,2280,6,5,1978,1456,2,3,1,2,440,7
1162,14778,6,7,2006,1640,1,3,2,2,924,11
1163,8724,5,5,1968,894,1,3,1,2,450,5
1164,12900,4,4,1969,1258,0,0,1,2,400,1
1165,16157,5,7,1978,1432,1,2,2,2,588,6
1166,9541,7,5,2009,1502,2,3,2,2,644,9
1167,10475,8,5,2008,1694,2,3,2,3,776,2
1168,10852,6,5,2000,1671,2,3,1,2,472,2
1169,13728,6,7,1986,2108,2,4,2,2,540,7
1170,35760,10,5,1996,3627,3,4,2,3,807,7
1171,9880,6,6,1977,1118,1,3,1,1,358,7
1172,9120,6,6,1958,1261,1,3,1,2,433,11
1173,4017,7,5,2007,1250,2,2,2,2,625,3
1174,18030,5,6,1994,3086,3,3,3,0,0,3
1175,16560,6,8,1950,2345,2,4,1,2,360,7
1176,10678,8,5,2000,2872,2,4,2,2,541,4
1177,6951,5,5,1985,923,1,3,1,1,264,10
1178,3950,6,8,2004,1224,1,3,1,1,210,12
1179,7681,5,6,1950,1343,1,3,1,1,186,7
1180,8335,5,5,1954,1124,1,3,1,0,0,4
1181,11170,7,5,1991,2514,2,4,1,2,693,4
1182,5587,8,5,2008,1652,2,2,2,2,482,11
1183,15623,10,5,1996,4476,3,4,3,3,813,7
1184,10800,5,6,1950,1130,1,2,1,2,720,6
1185,35133,5,4,1963,1572,1,3,1,3,995,5
1186,9738,5,7,1950,1221,1,4,1,1,392,3
1187,10615,3,5,1970,1699,2,3,1,2,420,8
1188,12461,8,5,1995,1624,2,2,2,3,757,7
1189,8935,7,5,2002,1660,2,3,2,2,493,7
1190,7500,7,5,1999,1804,2,3,2,2,442,6
1191,32463,4,4,1975,1622,1,3,1,4,1356,3
1192,2645,8,5,2000,1441,2,2,2,2,492,11
1193,9600,5,8,1994,1472,1,3,2,1,250,7
1194,4500,6,5,1999,1224,2,2,1,2,402,6
1195,9364,6,7,1969,1352,1,4,1,1,299,3
1196,8029,6,5,2005,1456,2,3,2,2,400,7
1197,14054,7,5,2006,1863,2,4,2,3,660,11
1198,8850,7,6,1950,1690,1,3,1,1,225,7
1199,9100,7,5,2001,1212,2,3,2,2,573,6
1200,11235,4,5,1979,1382,1,3,1,2,459,10
1201,9353,4,5,1970,864,1,3,1,1,280,7
1202,10400,7,5,1998,1779,2,3,2,2,546,3
1203,6000,5,8,1997,1348,1,3,1,1,216,5
1204,9750,7,5,2001,1630,2,3,2,2,451,10
1205,10140,5,6,1975,1074,1,3,1,2,495,7
1206,14684,7,7,1991,2196,2,3,2,3,701,6
1207,8900,4,4,1966,1056,1,2,1,1,384,11
1208,9135,6,5,2003,1700,2,3,2,2,544,5
1209,7763,5,7,1980,1283,1,3,1,2,506,10
1210,10182,8,5,2006,1660,2,3,2,2,500,5
1211,11218,6,5,1992,1845,2,3,2,2,462,5
1212,12134,8,7,2005,1752,2,4,1,2,492,6
1213,9340,4,6,1950,672,1,2,1,1,234,8
1214,10246,4,9,2001,960,0,0,1,1,364,5
1215,10205,5,5,1962,999,1,3,1,1,300,5
1216,7094,5,5,1966,894,1,3,1,1,384,5
1217,8930,6,5,1978,1902,2,4,1,2,539,4
1218,8640,8,5,2009,1314,2,3,2,2,552,9
1219,6240,4,5,1950,912,1,2,1,0,0,7
1220,1680,6,5,1971,1218,1,3,1,0,0,4
1221,7800,5,5,1964,912,1,2,1,1,288,11
1222,8250,5,5,1968,1211,1,3,1,1,322,8
1223,10496,6,6,1950,1846,2,3,1,1,315,1
1224,10680,5,3,1951,2136,2,4,1,2,528,10
1225,15384,7,5,2005,1490,2,3,2,2,388,2
1226,10482,6,8,1958,1138,1,3,1,1,264,6
1227,14598,6,5,2007,1933,2,4,2,3,668,1
1228,8872,5,8,2008,912,1,2,2,2,576,12
1229,8769,9,5,2008,1702,1,1,3,3,1052,10
1230,7910,5,5,1960,1507,2,4,1,1,404,8
1231,18890,5,5,1977,2620,2,4,1,2,600,8
1232,7728,5,6,1962,1190,1,3,1,2,540,5
1233,9842,4,5,1962,1224,2,2,1,2,462,3
1234,12160,5,5,1959,1188,1,3,1,2,531,5
1235,8525,5,6,1950,1964,1,4,1,0,0,11
1236,13132,5,5,1950,1784,1,4,1,1,180,7
1237,2628,7,5,2003,1626,2,2,2,2,474,6
1238,12393,7,5,2005,1948,2,4,2,2,434,9
1239,13072,6,5,2005,1141,1,3,1,2,484,3
1240,9037,8,5,2006,1484,2,2,3,2,472,12
1241,8158,7,5,2003,1768,2,3,2,2,543,7
1242,9849,7,6,2007,1689,2,3,2,3,954,6
1243,10625,7,6,1974,1173,2,3,2,2,528,1
1244,13891,10,5,2006,2076,2,2,3,3,850,9
1245,11435,8,7,1950,1517,1,3,2,2,400,6
1246,12090,6,7,2003,1868,3,3,1,2,477,1
1247,8125,7,5,2006,1553,2,3,2,2,615,3
1248,12328,6,5,1976,1034,1,3,1,3,888,5
1249,9600,6,5,1950,2058,1,3,1,2,396,4
1250,7200,5,7,1950,988,1,3,1,1,276,5
1251,11160,7,5,1968,2110,2,3,3,2,522,4
1252,3136,7,5,2003,1405,2,2,2,2,478,3
1253,9858,5,6,1968,874,1,3,1,1,288,11
1254,17542,7,7,2003,2167,2,3,2,2,518,7
1255,6931,7,5,2004,1656,2,3,2,2,397,7
1256,6240,6,6,1950,1367,1,3,1,1,560,11
1257,14303,8,5,1994,1987,2,2,2,2,691,8
1258,4060,5,8,1950,864,1,2,1,0,0,7
1259,9587,7,5,2005,1166,2,2,2,2,400,7
1260,9750,6,8,1969,1054,1,3,1,2,460,7
1261,24682,6,5,1999,1675,2,3,1,2,502,6
1262,9600,5,6,1956,1050,1,2,1,1,338,6
1263,11250,4,5,1989,1788,1,5,1,1,304,11
1264,13515,6,6,1950,1824,1,3,1,2,520,7
1265,4060,6,5,1999,1337,2,2,2,2,511,8
1266,3735,7,5,1999,1452,2,3,2,2,506,3
1267,10120,7,4,1950,1889,1,4,1,1,308,1
1268,13214,9,5,2009,2018,2,3,3,3,746,5
1269,14100,8,9,1997,3447,3,4,2,3,1014,5
1270,11344,5,5,1958,1524,1,3,1,1,315,7
1271,23595,7,6,1979,1524,0,0,2,2,586,4
1272,9156,6,7,1968,1489,2,3,2,2,462,8
1273,13526,5,6,1965,935,1,3,1,1,288,11
1274,11512,6,7,2006,1357,1,2,3,1,312,5
1275,5362,5,6,2003,1250,2,3,1,2,552,11
1276,11345,5,5,1950,1920,2,4,1,2,400,7
1277,12936,6,6,1972,1395,1,3,1,2,497,12
1278,17871,6,5,1976,1724,1,3,1,2,480,6
1279,9473,8,5,2002,2031,2,3,2,2,577,3
1280,7500,4,4,1950,1128,1,2,1,2,528,4
1281,9808,7,5,2002,1573,2,3,2,2,544,3
1282,8049,7,5,1990,1339,2,2,1,2,484,7
1283,8800,5,7,2008,1040,2,3,2,2,484,9
1284,9400,6,5,1971,1824,2,4,1,0,0,4
1285,9638,6,7,1990,2447,2,4,2,1,336,3
1286,6000,6,6,1950,1412,1,4,1,1,280,5
1287,9790,6,5,1963,1328,1,3,1,2,528,6
1288,36500,5,5,1964,1582,2,4,1,2,390,6
1289,5664,8,5,2000,1659,2,2,3,2,499,10
1290,11065,8,5,2006,1970,2,3,3,3,753,10
1291,14112,5,7,1964,1152,1,3,1,2,484,4
1292,1680,5,7,1972,1302,2,3,1,1,264,2
1293,6600,5,4,1965,2372,2,4,1,1,432,12
1294,10140,7,5,1976,1664,2,4,1,2,528,3
1295,8172,5,7,1990,864,1,2,1,2,572,4
1296,8400,5,5,1968,1052,1,3,1,1,288,11
1297,8700,5,6,1963,1128,2,3,1,2,525,12
1298,3675,6,5,2006,1072,2,2,1,2,525,6
1299,63887,10,5,2008,5642,2,3,3,2,1418,1
1300,7500,5,7,1994,1246,1,3,2,1,305,5
1301,10762,7,5,1999,1983,2,3,2,2,490,5
1302,7500,6,7,1950,1494,1,3,2,1,213,11
1303,10120,8,5,1994,2526,2,4,2,3,844,12
1304,8688,7,5,2005,1616,2,3,2,3,834,4
1305,3363,7,5,2004,1708,2,3,2,2,380,4
1306,13173,9,5,2007,1652,2,2,3,2,840,11
1307,6955,7,5,2006,1368,2,2,2,2,474,9
1308,8072,5,5,1995,990,1,3,1,2,480,5
1309,12000,5,7,2005,1122,1,2,2,2,528,5
1310,7153,6,5,1991,1294,2,3,2,2,496,6
1311,17500,7,8,2002,1902,2,3,3,2,567,5
1312,8814,7,5,2007,1274,2,3,2,2,508,1
1313,9572,8,5,1990,2810,2,4,2,2,750,6
1314,14774,9,5,1999,2599,2,4,2,3,779,5
1315,8190,4,6,1954,948,1,3,1,1,280,10
1316,11075,6,5,1969,2112,2,4,1,2,576,6
1317,10226,8,5,2008,1630,2,3,3,3,860,1
1318,4230,7,5,2007,1352,2,2,2,2,466,4
1319,14781,8,5,2002,1787,2,3,2,3,748,8
1320,10215,4,5,1954,948,1,3,1,1,248,2
1321,8400,6,3,1957,1478,1,3,1,2,442,6
1322,6627,3,6,1950,720,1,2,1,1,287,7
1323,10186,7,5,1992,1923,2,3,2,2,564,6
1324,5330,4,7,1950,708,1,2,0,0,0,12
1325,9986,8,5,2007,1795,2,2,2,3,895,2
1326,3636,4,4,1950,796,1,2,1,0,0,1
1327,4270,3,6,2006,774,1,3,2,0,0,5
1328,6600,5,9,2008,816,1,3,2,1,264,10
1329,10440,6,7,1950,2792,2,5,1,2,520,6
1330,9084,7,5,1998,1632,2,3,1,2,462,6
1331,10000,8,5,2006,1588,2,3,2,3,825,12
1332,10780,5,5,1976,954,1,3,1,2,576,7
1333,8877,4,6,1958,816,1,2,1,1,288,5
1334,7200,5,6,1995,1360,1,2,2,1,297,7
1335,2368,5,6,1970,1365,1,3,1,2,440,5
1336,9650,6,5,1977,1334,2,2,1,2,630,4
1337,9246,5,5,1973,1656,2,4,1,2,506,11
1338,4118,4,4,1950,693,1,2,0,0,0,3
1339,13450,7,5,2002,1861,2,3,2,2,492,6
1340,9560,5,7,1972,864,1,3,1,1,288,6
1341,8294,4,5,1971,872,1,3,1,4,480,6
1342,13695,6,5,2004,1114,1,3,2,2,576,7
1343,9375,8,5,2002,2169,2,3,2,2,647,8
1344,7558,6,6,1950,1913,1,3,1,2,342,3
1345,11103,7,5,2006,1456,2,3,2,2,440,7
1346,6000,4,4,1950,960,1,2,0,1,308,7
1347,20781,7,7,2003,2156,2,3,1,2,508,6
1348,15306,8,5,2007,1776,2,3,2,3,712,5
1349,16196,7,5,1998,1494,2,3,2,2,514,8
1350,5250,8,5,1987,2358,2,4,1,0,0,12
1351,11643,5,5,1969,2634,2,6,1,4,968,8
1352,9247,6,6,1962,1716,1,4,1,2,490,3
1353,6000,6,9,2000,1176,1,2,1,2,624,7
1354,14720,8,5,1996,3238,2,4,2,3,666,3
1355,10316,7,5,2000,1865,2,3,2,3,839,6
1356,10192,7,6,1992,1920,3,4,2,2,487,9
1357,9477,5,5,1966,892,1,3,1,1,264,10
1358,12537,5,6,2008,1078,1,3,1,2,500,4
1359,2117,6,5,2000,1573,2,3,2,2,440,6
1360,16737,9,5,2005,1980,2,3,3,3,770,9
1361,9842,5,6,1998,2601,3,4,1,2,621,5
1362,16158,7,5,2005,1530,2,3,2,2,430,6
1363,12513,4,4,2007,1738,2,4,1,1,368,6
1364,8499,6,5,2007,1412,2,3,2,2,432,3
1365,3180,7,5,2005,1200,2,2,2,2,480,4
1366,7500,7,5,2000,1674,2,3,2,2,663,1
1367,9179,7,5,1999,1790,2,3,2,2,588,6
1368,2665,5,6,1977,1475,2,4,1,1,336,7
1369,4435,6,5,2004,848,1,1,2,2,420,6
1370,10635,8,5,2003,1668,2,3,2,2,502,5
1371,5400,4,6,1950,1374,1,2,1,1,338,10
1372,9600,6,6,1996,1661,1,3,2,1,377,10
1373,9750,7,6,1998,2097,2,3,2,2,583,6
1374,11400,10,5,2002,2633,2,2,3,3,804,3
1375,10625,7,5,2005,1958,2,3,2,3,936,7
1376,10991,8,5,2007,1571,2,3,2,3,722,12
1377,6292,6,5,1950,790,1,2,1,1,160,4
1378,10998,5,5,1960,1604,2,3,1,2,660,7
1379,1953,6,5,1973,987,1,2,1,1,264,6
1380,9735,5,5,2007,1394,2,3,2,2,400,5
1381,8212,3,3,1950,864,1,2,1,1,200,6
1382,12925,6,7,1970,2117,2,4,1,2,550,5
1383,7200,7,7,1950,1762,1,4,2,2,576,10
1384,25339,5,7,2007,1416,2,3,2,2,576,8
1385,9060,6,5,1950,1258,1,2,1,1,280,10
1386,5436,4,8,2007,1154,1,3,2,1,240,5
1387,16692,7,5,1978,2784,3,5,2,2,564,7
1388,8520,6,7,1950,2526,2,5,2,1,216,8
1389,14892,9,5,2007,1746,2,3,3,3,758,10
1390,6000,6,6,1950,1218,1,3,1,2,440,3
1391,9100,7,5,2000,1525,2,3,2,2,541,9
1392,8944,5,5,1967,1584,2,4,1,3,792,4
1393,7838,5,5,1967,900,1,3,1,1,288,12
1394,10800,6,7,2000,1912,2,3,1,2,672,4
1395,4045,7,5,2006,1500,2,2,2,3,648,10
1396,12665,8,5,2006,2482,2,4,2,3,642,2
1397,57200,5,5,1950,1687,1,3,1,2,572,6
1398,6120,5,8,2004,1513,1,4,1,1,180,5
1399,7200,5,4,1982,1904,1,3,1,1,240,5
1400,6171,6,6,1990,1608,2,3,2,1,216,10
1401,6000,6,7,1950,1158,1,3,1,1,208,7
1402,7415,6,5,2004,1593,2,3,1,2,398,4
1403,6762,7,5,2006,1294,2,2,2,2,662,7
1404,15256,8,5,2007,1464,2,3,2,3,754,8
1405,10410,3,4,1950,1214,1,3,1,3,936,1
1406,3842,8,5,2005,1646,2,2,2,2,482,1
1407,8445,5,7,2007,768,1,2,1,2,396,3
1408,8780,5,5,1985,833,1,3,1,0,0,3
1409,7740,4,7,1950,1363,1,3,1,2,528,6
1410,20544,7,6,1991,2093,2,3,1,2,542,11
1411,12420,7,5,2001,1840,2,3,2,2,622,6
1412,9600,6,8,2005,1668,1,3,1,1,271,9
1413,7200,4,5,1950,1040,2,2,1,2,420,6
1414,10994,8,5,2006,1844,2,2,2,2,620,9
1415,13053,6,7,2000,1848,1,4,2,2,370,6
1416,3635,7,5,2007,1569,2,1,2,3,660,5
1417,11340,4,6,1950,2290,2,4,1,2,560,4
1418,16545,8,5,1998,2450,2,3,2,3,1069,5
1419,9204,5,5,1963,1144,1,3,1,1,336,8
1420,16381,6,5,1969,1844,2,3,2,2,540,12
1421,11700,6,6,1968,1416,2,3,1,2,776,5
1422,4043,6,5,1977,1069,2,2,1,2,440,7
1423,4435,6,5,2003,848,1,1,2,2,420,3
1424,19690,6,7,1966,2201,2,4,2,2,432,8
1425,9503,5,5,1983,1344,1,2,1,1,484,6
1426,10721,6,6,1959,1252,1,3,2,2,528,10
1427,10944,7,5,1994,2127,2,3,2,2,525,8
1428,10930,5,6,1950,1558,1,3,1,1,288,4
1429,7200,5,7,1992,804,1,2,2,1,240,2
1430,12546,6,7,1981,1440,2,3,2,2,467,4
1431,21930,5,5,2005,1838,2,4,1,2,372,7
1432,4928,6,6,1976,958,2,2,1,2,440,10
1433,10800,4,6,2007,968,2,4,1,1,216,8
1434,10261,6,5,2000,1792,2,3,1,2,451,5
1435,17400,5,5,1977,1126,2,3,1,2,484,5
1436,8400,6,9,2005,1537,1,3,2,2,462,7
1437,9000,4,6,1971,864,1,3,1,2,528,5
1438,12444,8,5,2008,1932,2,2,3,3,774,11
1439,7407,6,7,1996,1236,1,2,1,2,923,4
1440,11584,7,6,1979,1725,2,3,1,2,550,11
1441,11526,6,7,1994,2555,2,3,1,2,672,9
1442,4426,6,5,2004,848,1,1,2,2,420,5
1443,11003,10,5,2008,2007,2,3,3,3,812,4
1444,8854,6,6,1950,952,1,2,0,1,192,5
1445,8500,7,5,2004,1422,2,3,2,2,626,11
1446,8400,6,5,1966,913,1,3,1,1,240,5
1447,26142,5,7,1962,1188,1,3,1,1,312,4
1448,10000,8,5,1996,2090,2,3,2,2,556,12
1449,11767,4,7,2000,1346,1,2,1,1,384,5
1450,1533,5,7,1970,630,1,1,3,0,0,8
1451,9000,5,5,1974,1792,2,4,1,0,0,9
1452,9262,8,5,2009,1578,2,3,3,3,840,5
1453,3675,5,5,2005,1072,1,2,1,2,525,5
1454,17217,5,5,2006,1140,1,3,1,0,0,7
1455,7500,7,5,2005,1221,2,2,2,2,400,10
1456,7917,6,5,2000,1647,2,3,1,2,460,8
1457,13175,6,6,1988,2073,2,3,1,2,500,2
1458,9042,7,9,2006,2340,2,4,2,1,252,5
1459,9717,5,6,1996,1078,1,2,2,1,240,4
1460,9937,5,6,1965,1256,1,3,1,1,276,6
