LotArea,OverallQual,OverallCond,YearRemodAdd,TotalBsmtSF,GarageCars,GarageArea,GrLivArea,FullBath,BedroomAbvGr,KitchenQual,MoSold
8450,7,5,2003,856,2,548,1710,2,3,Gd,2
9600,6,8,1976,1262,2,460,1262,2,3,TA,5
11250,7,5,2002,920,2,608,1786,2,3,Gd,9
9550,7,5,1970,756,3,642,1717,1,3,Gd,2
14260,8,5,2000,1145,3,836,2198,2,4,Gd,12
14115,5,5,1995,796,2,480,1362,1,1,TA,10
10084,8,5,2005,1686,2,636,1694,2,3,Gd,8
10382,7,6,1973,1107,2,484,2090,2,3,TA,11
6120,7,5,1950,952,2,468,1774,2,2,TA,4
7420,5,6,1950,991,1,205,1077,1,2,TA,1
11200,5,5,1965,1040,1,384,1040,1,3,TA,2
11924,9,5,2006,1175,3,736,2324,3,4,Ex,7
12968,5,6,1962,912,1,352,912,1,2,TA,9
10652,7,5,2007,1494,3,840,1494,2,3,Gd,8
10920,6,5,1960,1253,1,352,1253,1,2,TA,5
6120,7,8,2001,832,2,576,854,1,2,TA,7
11241,6,7,1970,1004,2,480,1004,1,2,TA,3
10791,4,5,1967,0,2,516,1296,2,2,TA,10
13695,5,5,2004,1114,2,576,1114,1,3,Gd,6
7560,5,6,1965,1029,1,294,1339,1,3,TA,5
14215,8,5,2006,1158,3,853,2376,3,4,Gd,11
7449,7,7,1950,637,1,280,1108,1,3,Gd,6
9742,8,5,2002,1777,2,534,1795,2,3,Gd,9
4224,5,7,1976,1040,2,572,1060,1,3,TA,6
8246,5,8,2001,1060,1,270,1060,1,3,Gd,5
14230,8,5,2007,1566,3,890,1600,2,3,Gd,7
7200,5,7,2000,900,2,576,900,1,3,Gd,5
11478,8,5,2008,1704,3,772,1704,2,3,Gd,5
16321,5,6,1997,1484,1,319,1600,1,2,TA,12
6324,4,6,1950,520,1,240,520,1,1,Fa,5
8500,4,4,1950,649,1,250,1317,1,3,TA,7
8544,5,6,2006,1228,1,271,1228,1,3,Gd,6
11049,8,5,2007,1234,2,484,1234,2,3,Gd,1
10552,5,5,1959,1398,2,447,1700,1,4,Gd,4
7313,9,5,2005,1561,2,556,1561,2,2,Ex,8
13418,8,5,2005,1117,3,691,2452,3,4,Gd,9
10859,5,5,1995,1097,2,672,1097,1,3,TA,6
8532,5,6,1990,1297,2,498,1297,1,3,TA,10
7922,5,7,2007,1057,1,246,1057,1,3,Gd,1
6040,4,5,1955,0,0,0,1152,2,2,Fa,6
8658,6,5,1965,1088,2,440,1324,2,3,TA,12
16905,5,6,1959,1350,1,308,1328,1,2,TA,7
9180,5,7,1983,840,2,504,884,1,2,Gd,12
9200,5,6,1980,938,1,308,938,1,3,TA,7
7945,5,6,1959,1150,1,300,1150,1,3,TA,5
7658,9,5,2005,1752,2,576,1752,2,2,Ex,2
12822,7,5,2003,1434,2,670,2149,1,1,Gd,8
11096,8,5,2006,1656,3,826,1656,2,3,Gd,7
4456,4,5,2008,736,0,0,1452,2,2,TA,6
7742,5,7,1966,955,1,386,955,1,3,TA,1
13869,6,6,1997,794,2,388,1470,2,3,TA,7
6240,6,6,1950,816,2,528,1176,1,3,TA,9
8472,5,5,1963,816,2,516,816,1,2,TA,5
50271,9,5,1987,1842,3,894,1842,0,0,Gd,11
7134,5,5,1955,384,2,572,1360,1,3,TA,2
10175,6,5,1964,1425,2,576,1425,2,3,TA,7
2645,8,5,2000,970,2,480,1739,2,3,Gd,8
11645,7,5,2004,860,2,565,1720,2,3,Gd,8
13682,10,5,2006,1410,3,641,2945,3,3,Gd,10
7200,5,7,1972,780,1,352,780,1,2,TA,1
13072,6,5,2004,1158,2,576,1158,1,3,Gd,5
7200,5,7,1996,530,1,288,1111,1,3,Fa,3
6442,8,5,2006,1370,2,484,1370,2,2,Gd,10
10300,7,6,1950,576,2,480,1710,2,3,TA,4
9375,7,5,1998,1057,2,645,2034,2,3,Gd,2
9591,8,5,2005,1143,3,852,2473,2,4,Gd,10
19900,7,5,1989,1947,2,576,2207,2,3,TA,7
10665,7,5,2003,1453,2,558,1479,2,3,Gd,6
4608,4,6,1950,747,1,220,747,1,2,TA,6
15593,7,4,1953,1304,2,667,2287,2,3,TA,7
13651,7,6,1973,2223,2,516,2223,2,3,TA,2
7599,4,6,2006,845,2,360,845,1,2,TA,6
10141,7,5,1998,832,2,427,1718,2,3,TA,12
10200,5,7,2003,1086,2,490,1086,1,3,TA,5
5790,3,6,1950,840,1,379,1605,2,3,TA,5
1596,4,5,1973,462,1,297,988,1,2,TA,11
8475,4,7,1956,952,1,283,952,1,2,TA,4
8635,5,5,2001,672,1,240,1285,1,2,TA,1
10778,4,5,1968,1768,0,0,1768,2,4,TA,4
10440,5,6,1981,440,2,440,1230,1,2,TA,5
13000,6,6,1968,896,1,509,2142,2,4,Gd,6
4500,6,5,1998,1237,2,405,1337,2,2,TA,3
10206,8,5,2007,1563,3,758,1563,2,3,Gd,10
8892,5,5,1960,1065,2,461,1065,1,3,TA,7
8530,7,5,1996,384,2,400,1474,2,3,TA,5
16059,8,5,1992,1288,2,462,2417,2,4,Gd,4
11911,6,5,2005,684,2,400,1560,2,3,Gd,3
3951,6,5,2009,612,2,528,1224,2,2,Gd,6
8470,3,2,1982,1013,0,0,1526,1,2,Fa,10
8070,4,5,1995,990,0,0,990,1,3,TA,8
7200,4,5,1950,0,2,420,1040,1,2,TA,7
8500,5,3,1961,1235,2,480,1235,1,2,TA,12
13360,5,7,2006,876,2,432,964,1,2,TA,8
7200,6,6,1998,1214,2,506,2291,2,4,TA,11
9337,6,5,1997,824,2,684,1786,2,3,Gd,5
9765,6,8,1993,680,2,420,1470,2,3,TA,4
10264,7,5,1999,1588,2,472,1588,2,3,Gd,8
10921,4,5,1965,960,1,432,960,1,3,TA,5
10625,5,5,1950,458,1,366,835,1,2,TA,5
9320,4,5,1959,950,0,0,1225,1,3,TA,1
10603,6,7,2001,1610,2,480,1610,2,3,Gd,2
9206,6,5,1985,741,2,476,1732,2,3,Gd,6
7018,5,5,1979,0,2,410,1535,2,4,TA,6
10402,7,5,2009,1226,3,740,1226,2,3,Gd,5
7758,7,4,1950,1040,1,240,1818,1,4,TA,6
9375,8,5,2004,1053,2,648,1992,2,3,Gd,8
10800,4,7,1995,641,1,273,1047,1,2,TA,8
6000,5,5,1950,789,1,250,789,1,2,TA,4
8500,5,7,2005,793,0,0,1517,2,3,Fa,8
11751,6,6,1977,1844,2,546,1844,2,3,TA,1
9525,6,4,1972,994,1,325,1855,2,4,TA,10
7750,7,5,2000,384,2,400,1430,2,3,TA,4
9965,7,5,2007,1264,3,792,2696,2,4,Ex,10
21000,6,5,1953,1809,2,450,2259,2,3,Gd,10
7259,6,8,2002,1028,1,180,2320,2,3,Gd,7
3230,6,5,1999,729,2,440,1458,2,2,TA,6
11616,5,5,1962,1092,1,288,1092,1,3,TA,9
8536,5,5,2007,1125,2,430,1125,1,2,TA,4
12376,7,5,1990,1673,3,594,3222,3,5,Gd,5
8461,6,5,2006,728,2,390,1456,2,3,Gd,7
21453,6,5,1969,938,2,540,988,1,1,TA,10
6060,4,5,1950,732,1,264,1123,1,3,TA,6
9464,6,7,1958,1080,1,288,1080,1,3,TA,6
7892,6,5,1993,1199,2,530,1199,2,2,Gd,3
17043,6,5,1998,1362,2,435,1586,2,3,TA,1
6780,6,8,1982,520,0,0,754,1,2,TA,6
4928,6,5,1976,1078,2,440,958,2,2,TA,2
4388,5,7,1950,672,0,0,840,1,3,TA,6
7590,6,5,1966,660,2,453,1348,1,3,TA,7
8973,5,7,1991,1008,2,750,1053,1,3,Ex,7
14200,7,6,1966,924,2,487,2157,2,4,Gd,5
12224,6,5,2000,992,2,390,2054,2,3,Gd,7
7388,5,6,2002,1063,2,624,1327,1,3,Gd,7
6853,8,5,2002,1267,2,471,1296,2,2,Gd,6
10335,5,6,1993,1461,2,440,1721,2,3,TA,7
10400,7,6,1970,1304,2,530,1682,2,3,TA,5
10355,5,5,1967,1214,1,318,1214,2,3,TA,7
11070,7,5,1989,1907,3,766,1959,3,5,TA,7
9066,8,5,2000,1004,3,660,1852,2,3,Gd,12
15426,6,5,1997,928,2,470,1764,2,3,Gd,8
10500,4,5,1971,864,0,0,864,1,3,TA,4
11645,7,5,2005,1734,2,660,1734,2,3,Gd,1
8520,5,4,1952,910,2,720,1385,2,4,TA,6
10335,7,5,1999,1490,2,577,1501,2,3,Gd,6
9100,5,5,1963,1728,2,504,1728,2,6,TA,11
2522,6,5,2006,970,2,380,1709,2,3,Gd,4
6120,5,7,1993,715,1,180,875,1,2,TA,11
9505,7,5,2001,884,2,434,2035,2,3,Gd,5
7500,7,5,2005,1080,0,0,1080,1,3,Gd,4
6240,5,4,1950,896,1,240,1344,1,3,TA,4
10356,5,6,1975,969,2,440,969,1,3,TA,1
13891,8,5,2008,1710,3,866,1710,2,2,Gd,1
14803,6,5,1971,825,2,495,1993,2,4,TA,6
13500,6,7,1975,1602,2,564,1252,1,1,TA,3
11340,6,5,1950,1200,1,312,1200,1,4,TA,3
9600,6,5,1950,572,0,0,1096,1,2,TA,4
7200,5,7,1950,0,2,625,1040,1,2,TA,6
12003,8,5,2010,774,3,680,1968,2,4,Ex,5
12552,7,5,2005,991,2,678,1947,2,3,Gd,5
19378,7,5,2006,1392,2,576,2462,2,4,Gd,3
11120,6,6,1984,1232,2,516,1232,2,3,TA,6
13688,9,5,2004,1572,3,726,2668,2,3,Ex,3
12182,7,5,2005,1541,2,532,1541,2,3,Gd,5
5500,4,6,1956,882,0,0,882,1,1,TA,4
5400,6,7,2004,1149,1,216,1616,2,3,Gd,10
10106,5,7,1999,644,0,0,1355,2,4,TA,9
10708,5,5,1993,1617,1,303,1867,1,2,TA,11
10562,8,5,2007,1582,3,789,2161,1,3,Ex,11
8244,7,5,2004,840,2,440,1720,2,3,Gd,5
16669,8,6,1981,1686,2,511,1707,2,2,TA,1
12358,5,6,1950,720,2,660,1382,1,2,TA,5
31770,6,5,1960,1080,2,528,1656,1,3,TA,5
5306,7,7,1987,1064,2,504,1767,2,2,Gd,6
10197,6,5,1961,1362,2,504,1362,1,3,TA,6
12416,6,5,1986,1606,2,616,1651,2,3,TA,11
12615,6,7,2001,1202,2,576,2158,2,4,Gd,6
10029,6,5,1989,1151,2,521,2060,2,4,TA,9
13650,5,5,1958,1052,2,451,1920,2,4,Gd,7
17423,9,5,2009,2216,3,1166,2234,2,1,Ex,7
8520,5,6,2006,968,2,480,968,1,2,TA,7
2117,6,5,2000,756,2,440,1525,2,3,Gd,6
7588,7,6,1950,793,1,216,1802,1,4,TA,7
9060,5,6,2006,0,1,252,1340,1,3,TA,6
11426,7,5,2003,1362,2,484,2082,2,3,Gd,6
7438,5,8,1991,504,2,576,1252,1,3,TA,6
22950,10,9,1993,1107,3,840,3608,2,4,Ex,6
9947,7,5,1991,1188,2,497,1217,2,3,Gd,6
10410,5,7,1987,660,1,180,1656,2,3,TA,8
7018,5,5,1979,1086,2,528,1224,0,2,TA,6
4923,8,5,2002,1593,2,682,1593,1,0,Ex,8
10570,8,8,1994,853,2,440,2727,2,3,Gd,12
7472,7,9,2004,725,2,484,1479,1,4,Gd,6
9017,7,5,1999,1431,2,666,1431,2,3,Gd,9
2522,7,5,2004,970,2,380,1709,2,3,Gd,5
7180,5,7,1972,864,1,352,864,1,3,TA,5
2280,6,6,1976,855,2,440,1456,2,3,TA,7
9416,7,5,2007,1726,3,786,1726,2,3,Ex,9
25419,8,4,1990,1360,2,795,3112,2,4,Gd,3
5520,6,6,1950,755,0,0,2229,1,5,TA,7
9591,8,5,2005,1713,3,856,1713,2,3,Ex,1
8546,4,5,2004,1121,2,440,1121,2,2,TA,3
10125,6,6,1977,1196,2,473,1279,2,3,TA,2
7000,6,6,1950,617,1,398,1310,2,2,TA,5
4438,6,5,2004,848,2,420,848,1,1,Gd,1
3500,5,7,1950,720,1,240,1284,1,2,TA,4
11851,7,5,1990,1424,2,500,1442,2,3,TA,5
13673,5,5,1962,1140,1,349,1696,1,3,TA,3
12493,4,5,1960,1100,1,312,1100,1,3,TA,4
14364,7,5,1989,1157,2,454,2062,2,3,TA,4
8250,6,7,1964,1092,2,504,1092,1,3,TA,7
5604,5,6,1950,864,0,0,864,1,2,TA,4
10420,6,5,2009,1212,2,460,1212,2,3,Gd,3
8640,7,5,2009,900,2,644,1852,2,3,Gd,7
13568,5,5,1995,990,2,576,990,1,3,TA,7
10900,6,7,1977,689,1,299,1392,1,3,TA,3
10011,5,6,1996,1070,1,447,1236,1,2,Gd,5
8450,7,5,2004,1436,2,484,1436,2,3,Gd,4
9906,4,4,1950,686,1,210,1328,1,3,TA,9
15660,7,9,2006,798,2,431,1954,1,3,Gd,5
3010,7,5,2006,1248,2,438,1248,2,2,Gd,3
8990,7,5,2006,1498,2,675,1498,2,2,Gd,4
8068,6,5,2002,1010,2,390,2267,2,4,Gd,12
11475,6,6,1975,713,2,434,1552,2,3,TA,2
10500,4,6,1971,864,2,576,864,1,2,TA,3
13472,10,5,2003,2392,3,968,2392,2,3,Ex,6
1680,5,5,1971,630,1,280,1302,2,3,TA,5
9950,7,5,1995,1203,3,721,2520,2,4,Gd,6
1869,6,6,1970,483,1,280,987,1,2,TA,9
8521,5,5,1967,912,1,336,912,1,3,TA,5
3182,7,5,2006,1373,2,430,1555,2,2,Gd,5
8760,6,6,1959,1194,1,312,1194,1,3,TA,4
15138,8,5,1996,1462,3,810,2794,2,4,Ex,7
1680,6,5,1972,483,1,288,987,1,2,TA,6
10650,5,6,1976,894,1,308,894,1,3,TA,2
7851,6,5,2002,860,2,440,1960,2,4,Gd,5
1680,6,3,1971,483,1,264,987,1,2,TA,8
8773,7,5,2004,1414,2,494,1414,2,3,Gd,5
9453,7,7,2003,996,2,457,1744,2,3,Gd,2
12030,8,5,2007,1694,3,818,1694,2,3,Gd,12
8741,6,4,1950,735,1,220,1487,1,3,TA,4
9000,8,5,2008,1566,2,750,1566,2,3,Gd,4
3880,5,9,1997,686,0,0,866,1,2,Gd,8
5000,5,4,1950,540,1,352,1440,1,3,TA,4
10762,6,6,1980,626,1,288,1217,1,3,TA,4
8880,7,5,2002,948,2,463,2110,2,3,Gd,5
10400,7,5,1988,1845,2,604,1872,2,3,TA,6
9142,6,8,1950,1020,1,440,1928,2,4,Fa,4
11310,6,5,1954,1367,2,451,1375,1,2,TA,6
11317,7,5,2003,840,2,500,1668,2,3,Gd,9
159000,6,7,2006,1444,2,389,2144,2,4,Gd,6
5350,3,2,1966,728,0,0,1306,1,3,Fa,5
4750,8,5,2007,1573,2,538,1625,2,2,Gd,12
8366,6,5,2004,798,2,520,1640,2,3,Gd,12
9350,6,7,1991,1302,1,309,1302,2,3,Gd,10
8400,5,6,1957,1314,1,294,1314,1,3,TA,6
8738,7,5,1999,975,2,429,2291,2,4,Gd,2
8791,6,5,2003,864,2,673,1728,2,3,Gd,5
8814,7,5,2006,1604,2,660,1604,2,3,Gd,3
12435,7,5,2001,963,2,564,1792,2,3,Gd,5
12702,5,5,1956,0,1,308,882,1,2,TA,12
19296,6,5,1962,1362,2,884,1382,1,3,TA,5
9588,8,5,2007,1482,3,868,2574,2,3,Ex,11
8471,6,7,1995,506,2,492,1212,1,3,TA,7
5500,5,7,2001,926,2,484,1316,1,3,TA,4
5232,5,5,2004,680,2,504,764,1,2,TA,6
12090,6,6,1981,1422,2,576,1422,2,3,Gd,6
11207,6,5,1997,802,2,413,1511,2,3,TA,6
8400,5,8,1997,720,1,240,2192,2,4,Gd,7
6900,5,6,1955,740,1,924,778,1,2,TA,2
7917,6,7,1976,1143,1,504,1113,1,3,TA,5
10728,8,5,2006,1095,3,1053,1939,2,3,Gd,8
39104,7,7,2005,1385,2,439,1363,1,2,TA,4
11764,8,7,2007,1152,3,671,2270,2,4,Gd,4
9600,6,6,1988,1240,1,338,1632,2,3,TA,4
8314,5,7,1982,816,1,264,816,1,2,TA,6
7264,7,7,2007,952,2,672,1548,2,3,Ex,10
9196,7,5,2003,1560,2,573,1560,2,3,Gd,4
19138,4,5,1951,864,2,400,864,1,2,TA,6
14450,9,5,2007,2121,3,732,2121,2,3,Ex,5
10005,7,5,1977,1160,2,505,2022,2,4,TA,3
11287,7,6,1989,807,2,575,1982,2,3,Gd,1
7200,6,5,2006,1262,2,572,1262,2,2,Gd,5
5063,7,5,2008,1314,2,626,1314,2,2,Gd,4
9612,8,5,2009,1468,3,898,1468,2,3,Gd,12
8012,6,5,1992,1575,2,529,1575,2,2,Gd,7
4251,7,5,2007,625,2,528,1250,2,2,Gd,6
9786,6,7,1981,912,2,440,1734,1,3,Gd,6
8125,4,4,1971,858,0,0,858,1,3,TA,6
9819,5,5,1967,882,1,280,900,1,3,TA,2
8730,6,7,2003,698,1,384,1396,1,3,TA,7
15611,8,5,2006,1079,2,685,1919,2,3,Gd,7
5687,5,6,2000,780,0,0,1716,2,6,Fa,3
11409,5,4,2008,768,1,281,1716,1,3,TA,1
16659,7,7,1994,795,2,539,2263,2,3,Gd,3
9600,6,5,1953,1416,2,418,1644,1,3,TA,10
7937,6,6,1984,1003,2,588,1003,1,3,TA,3
13710,5,5,1950,910,1,282,1558,1,4,TA,6
7399,7,5,1998,975,2,576,1950,2,3,Gd,6
11700,6,6,1968,702,2,539,1743,1,3,TA,6
14000,6,8,2004,1092,1,300,1152,1,3,Gd,8
15750,5,5,1953,1165,1,375,1336,1,2,TA,6
16226,8,5,1999,1028,2,683,2452,2,4,Gd,5
13704,7,5,2002,1541,3,843,1541,2,3,Gd,1
9800,5,7,1972,894,2,552,894,1,3,TA,7
18386,7,9,2002,1470,3,870,3493,3,3,Gd,5
10386,8,5,2005,2000,3,888,2000,2,3,Gd,7
13474,7,5,1991,700,3,746,2243,2,4,Gd,6
7920,6,7,1950,319,0,0,1406,1,3,Fa,3
12342,4,5,1950,861,2,539,861,1,1,TA,3
12378,9,5,2004,1896,3,708,1944,2,3,Ex,11
7685,6,5,1994,697,2,420,1501,2,3,Gd,5
8000,6,6,2002,972,1,240,972,1,2,TA,5
7800,5,7,1950,793,2,410,1118,1,3,TA,5
215245,7,5,1965,2136,2,513,2036,2,3,TA,6
9600,7,7,1990,728,2,546,1641,1,3,Ex,8
7795,7,5,2005,716,2,432,1432,2,3,Gd,7
13005,7,7,1980,845,2,484,2353,2,4,Ex,8
9000,8,5,2006,1088,3,1025,1959,2,3,Gd,12
9900,7,5,1993,1347,3,656,2646,2,4,Gd,4
14115,7,5,1980,1372,2,588,1472,2,3,TA,6
16259,9,5,2006,1249,3,840,2596,3,4,Gd,9
12099,8,5,2004,1136,3,872,2468,2,4,Gd,6
10380,7,5,1987,1502,2,576,2730,2,4,Gd,8
5820,3,8,2005,1162,1,220,1163,1,3,TA,7
11275,7,7,2007,710,2,564,2978,2,5,Gd,6
5000,5,6,1950,720,2,360,803,1,2,TA,12
10846,8,5,1993,1719,2,473,1719,1,1,Gd,5
11600,6,5,1960,1383,1,292,1383,1,3,TA,4
11888,6,6,1994,844,2,441,2134,2,5,Gd,7
6402,5,5,1950,596,1,189,1192,1,3,TA,7
10624,5,4,1964,1728,1,352,1728,2,6,TA,11
8176,5,6,1992,1056,1,308,1056,1,3,TA,8
10655,8,5,2004,3206,3,880,1629,2,3,Gd,10
8198,7,5,2004,1358,2,484,1358,2,2,Gd,7
9042,6,5,1998,943,2,472,1638,2,3,TA,7
164660,5,6,1965,1499,2,529,1786,2,3,TA,8
14157,9,5,2006,1922,3,676,1922,2,3,Gd,7
9135,7,5,2003,1536,2,532,1536,2,3,Gd,12
14145,7,7,1998,1208,2,440,1621,2,3,Gd,5
12400,6,7,1998,1215,1,297,1215,1,3,TA,6
14191,8,5,2002,967,2,431,1908,2,4,Gd,4
8400,4,4,1950,721,1,294,841,1,2,TA,9
8544,3,4,1950,0,2,400,1040,2,2,TA,5
8849,9,5,2005,1684,2,564,1684,2,2,Ex,7
2592,5,3,1976,536,1,336,1112,1,3,TA,4
6435,6,5,1950,972,1,312,1577,1,3,Fa,10
12772,6,8,1998,958,1,301,958,1,2,TA,4
17600,6,5,1960,1478,2,498,1478,2,3,TA,12
2448,7,5,2004,764,2,474,1626,2,2,Gd,10
20431,9,5,2006,1848,3,706,2728,2,4,Ex,4
7820,9,5,2007,1869,2,617,1869,2,2,Ex,12
5271,7,5,1986,1453,2,445,1453,1,2,Gd,12
9084,5,6,1950,616,1,200,1111,1,3,TA,3
8520,6,8,2003,624,2,484,720,1,2,TA,5
8400,6,5,2000,940,1,240,1595,1,2,TA,6
11249,6,5,1995,1200,2,521,1200,2,3,Gd,8
9248,6,6,1992,1158,2,400,1167,2,3,Gd,7
4224,5,5,1976,1142,2,528,1142,1,3,TA,8
6930,5,4,1958,1062,1,288,1352,1,3,Gd,7
12011,8,5,1998,1086,2,592,1924,2,3,Gd,6
7540,6,6,1978,888,2,470,912,1,2,TA,6
9144,5,5,1982,883,1,240,1505,1,3,TA,7
7301,7,5,2003,0,2,672,1922,3,4,Gd,7
1680,6,8,2007,483,1,264,987,1,2,Gd,5
18800,6,5,1976,796,2,566,1574,2,3,TA,7
10690,5,7,1997,672,1,468,1344,1,3,TA,7
9500,6,5,1963,1394,2,514,1394,1,3,TA,7
9150,6,5,1962,1099,1,296,1431,1,3,TA,12
7800,5,6,1954,1268,1,244,1268,1,2,TA,3
9830,5,7,2006,1063,2,576,1287,1,3,Gd,3
8121,6,5,2000,953,2,460,1664,2,3,TA,1
17120,4,4,1959,0,2,680,1588,2,4,TA,7
7175,6,5,1984,744,1,264,752,1,2,TA,2
10634,5,6,1953,608,1,270,1319,1,3,TA,11
8200,7,5,2004,847,2,434,1928,2,4,Gd,7
10020,1,1,1950,683,0,0,904,0,1,Fa,3
8846,5,5,1996,870,2,576,914,1,2,TA,7
11143,8,5,2005,1580,2,610,2466,3,4,Gd,12
11394,9,2,2010,1856,3,834,1856,1,1,Ex,6
8123,6,5,2000,982,2,463,1800,2,3,TA,6
5000,5,6,1950,1026,1,308,1691,2,3,Gd,5
7200,7,5,2006,1293,2,572,1301,2,2,Gd,8
9245,7,5,2006,939,2,639,1797,2,3,Gd,4
9000,6,3,1950,784,2,360,784,1,2,TA,10
53107,6,5,1992,1580,2,501,1953,2,3,Gd,6
3182,8,5,2005,1256,2,430,1269,2,2,Gd,4
8410,5,3,1996,658,0,0,1184,1,5,TA,5
7200,6,6,1976,1041,1,352,1125,1,3,TA,10
9382,7,5,2000,1468,2,577,1479,2,3,Gd,7
12474,10,5,2008,1682,3,846,2332,2,3,Ex,8
8405,5,8,1950,861,1,384,1367,1,4,TA,4
12209,6,5,2002,804,2,560,1961,2,3,Gd,6
8339,5,7,1959,0,1,294,882,1,3,TA,7
7446,4,5,1950,788,0,0,788,1,2,TA,4
10134,5,6,1950,735,1,240,1034,1,2,TA,7
9571,5,6,1956,1144,1,596,1144,1,3,TA,6
7200,5,5,1972,894,2,600,894,1,2,TA,9
7590,5,5,1962,864,1,264,1812,2,4,TA,7
8967,5,2,1950,961,1,338,1077,1,2,TA,11
8125,7,5,2007,1092,2,438,1550,2,2,Gd,10
14963,8,5,1996,1260,2,500,1288,1,1,Ex,12
8767,7,5,2005,1310,2,400,1310,2,3,Gd,7
10200,5,8,1997,672,1,240,672,1,2,TA,8
12090,8,5,1998,1141,2,420,2263,2,4,Gd,7
10364,6,5,1996,806,2,373,1572,2,3,TA,5
9991,4,4,1993,1281,2,490,1620,2,3,TA,6
10480,6,5,1950,1064,1,240,1639,1,3,TA,3
15576,6,7,1976,840,1,308,1680,2,4,TA,3
14154,7,5,2006,1063,3,947,2172,2,3,Gd,8
10800,8,5,2008,1034,3,836,2078,2,3,Ex,4
9571,5,3,1958,1276,1,350,1276,1,3,TA,6
34650,5,5,1955,1056,2,572,1056,1,3,TA,1
4403,7,5,2009,1470,2,484,1478,2,2,Gd,6
8960,5,6,1950,1008,2,360,1028,1,2,TA,3
11228,7,5,1993,1080,3,678,2097,2,3,Gd,12
8899,7,5,2007,1340,2,396,1340,2,3,Gd,8
7844,6,7,1978,672,2,440,1400,1,3,TA,3
22420,6,6,1950,1370,3,864,2624,2,4,TA,11
8160,5,6,1950,756,1,240,1134,1,3,TA,4
8450,5,6,1968,1056,1,304,1056,1,3,TA,7
7060,7,5,1998,1344,4,784,1344,2,2,TA,11
16635,6,7,2000,1602,2,529,1602,2,3,Gd,6
21750,5,5,1954,988,2,520,988,1,2,TA,2
9200,8,5,1998,1470,3,696,2630,2,4,Gd,6
9000,6,5,1956,1196,1,297,1196,1,2,TA,5
3378,7,8,1992,651,1,240,1389,1,3,TA,9
12800,7,5,1989,1518,2,569,1644,2,2,Gd,8
8593,4,6,1957,907,1,352,907,1,3,TA,7
6762,7,5,2007,1208,2,628,1208,2,2,Gd,9
11457,6,5,1988,1392,2,576,1412,2,3,Gd,3
1680,6,5,1971,483,1,264,987,1,2,TA,7
5586,6,7,1998,901,0,0,1198,1,4,TA,9
1920,5,5,1971,765,2,440,1365,1,2,TA,8
10839,6,5,1998,926,2,470,1604,2,3,TA,7
1890,4,7,1972,630,0,0,630,1,1,TA,6
10667,7,6,1996,799,2,550,1661,2,3,Gd,4
4400,6,8,1950,648,2,440,1118,1,2,TA,10
6000,6,7,2004,884,1,180,904,1,2,TA,1
4280,5,6,2002,440,1,352,694,1,2,Gd,3
12354,6,8,2000,684,2,528,1196,1,3,Gd,8
15431,10,5,2008,3094,3,672,2402,2,2,Ex,4
12108,4,4,1955,1440,0,0,1440,2,4,Fa,9
6240,5,7,1992,1078,2,360,1573,2,3,TA,6
3922,7,5,2007,1258,3,648,1258,2,2,Gd,6
8750,7,5,1995,915,2,493,1908,2,4,Gd,7
9855,6,5,1956,1436,2,480,1689,1,3,TA,11
16492,6,6,2002,1517,2,578,1888,2,2,Gd,6
11214,7,5,1999,930,2,431,1886,2,4,Gd,7
8600,6,6,1950,780,1,198,1376,2,3,TA,6
6000,3,7,2002,649,1,308,1183,1,2,TA,6
5684,6,8,2005,813,1,270,813,1,2,Gd,6
70761,7,5,1975,1533,2,576,1533,2,2,Gd,12
9303,6,5,1997,872,2,422,1756,2,3,TA,7
9000,8,5,2008,768,2,676,1590,2,3,Gd,6
9297,5,5,1976,1728,2,560,1728,2,4,TA,7
9600,7,6,1973,1242,2,528,1242,1,3,TA,9
4571,5,5,1950,624,3,513,1344,1,4,TA,5
53227,4,6,1994,1364,2,529,1663,1,2,Gd,3
5100,8,7,1996,588,1,228,1666,1,3,Gd,6
7015,5,4,1950,709,1,352,1203,1,3,Gd,7
8004,8,5,2009,832,2,552,1935,2,3,TA,12
7200,7,9,2007,560,2,576,1135,1,3,Gd,4
8281,5,5,1965,864,1,360,864,1,3,TA,12
11988,6,7,1995,715,1,240,1660,1,3,TA,8
8430,5,5,1978,1040,0,0,1040,2,3,TA,8
3072,7,5,2004,1375,2,398,1414,2,2,Gd,5
10628,7,5,1970,1277,2,526,1277,1,2,TA,4
9480,5,7,1995,728,1,312,1644,1,3,Gd,6
11428,8,5,2006,1626,3,866,1634,2,3,Gd,5
9291,6,5,1993,832,2,506,1710,2,3,Gd,6
6820,8,5,1985,1488,2,528,1502,1,1,Gd,6
11952,7,6,1977,808,2,534,1969,2,3,TA,11
3675,6,5,2005,547,2,525,1072,1,2,TA,6
14977,8,5,2007,1976,3,908,1976,2,2,Gd,7
5330,8,5,2000,1494,2,499,1652,2,2,Ex,8
8480,5,6,1963,970,2,624,970,1,2,TA,7
13125,6,5,1998,1478,2,508,1493,2,3,Gd,4
13693,9,5,2006,2153,3,694,2643,2,3,Ex,3
10637,8,5,2008,1705,3,826,1718,2,3,Gd,9
5925,4,7,2000,907,2,672,1131,1,2,TA,3
16033,9,5,2005,1833,3,772,1850,2,3,Gd,3
11846,9,5,2004,1792,3,874,1792,2,2,Ex,8
2500,7,8,2005,910,1,164,1826,1,4,Ex,6
4500,6,5,1998,1216,2,402,1216,2,2,TA,5
7758,5,7,2001,999,1,264,999,1,3,Gd,3
9600,5,7,2007,1113,1,264,1113,1,3,Gd,7
10289,5,7,1965,1073,2,515,1073,1,3,TA,6
12243,5,6,1971,1484,2,487,1484,2,3,TA,2
10800,5,4,1970,954,2,520,2414,2,3,TA,5
1526,4,8,2002,630,1,286,630,1,1,Gd,5
2665,5,6,1976,264,1,336,1304,1,3,TA,6
9490,6,7,1950,806,1,240,1578,1,3,Fa,8
15578,6,5,2006,728,2,429,1456,2,3,TA,5
7931,5,6,1960,1269,1,308,1269,1,3,TA,6
5784,5,8,1996,190,1,273,886,1,2,TA,12
7879,4,5,1950,720,0,0,720,1,2,TA,11
12692,8,5,1993,3200,2,546,3228,3,4,Gd,5
9120,7,6,1950,1026,1,240,1820,2,4,TA,6
7800,5,7,2004,864,1,288,899,1,3,Gd,6
7535,5,7,1985,912,1,297,912,1,2,TA,6
1890,6,5,1973,672,1,264,1218,1,3,TA,5
9803,7,5,2005,866,2,603,1768,2,3,Gd,2
9170,5,7,1965,1214,2,461,1214,1,2,TA,4
15602,7,8,1997,1501,2,484,1801,2,1,TA,3
2308,6,5,1974,855,2,440,1322,2,3,TA,6
7596,5,5,1952,960,2,400,1960,2,4,TA,7
9554,8,5,1994,777,2,471,1911,2,3,Gd,9
7862,6,5,2009,1218,2,676,1218,2,2,Gd,9
9600,7,9,2005,689,2,360,1378,2,3,Gd,10
9600,5,6,1959,1041,1,270,1041,1,3,TA,7
14559,5,7,2000,1008,1,288,1363,1,2,TA,6
6792,7,5,2006,1368,2,474,1368,2,2,Gd,3
9100,5,5,1958,864,2,624,864,1,3,TA,7
9187,6,5,1983,1084,2,484,1080,1,3,TA,6
10594,5,5,1950,768,1,200,789,1,2,TA,6
12220,10,5,2009,2006,3,900,2020,2,3,Ex,9
10448,6,6,1972,689,2,583,2119,2,3,TA,8
10208,7,5,1997,1264,3,889,2344,2,3,Gd,7
9531,6,5,1998,794,2,546,1796,2,3,TA,5
10918,7,9,2004,1276,1,282,2080,1,3,Gd,6
10800,4,7,2000,0,0,0,1294,2,3,TA,8
11988,6,6,1957,1244,1,336,1244,1,3,TA,5
5000,6,7,1950,1004,2,420,1664,2,3,TA,10
40094,10,5,2008,3138,3,884,4676,3,3,Ex,10
11787,7,5,1997,1379,3,834,2398,2,3,Gd,8
7500,7,5,2005,1257,2,453,1266,2,3,Gd,4
13300,5,7,2000,928,1,252,928,1,2,TA,6
14948,9,5,2008,1452,3,858,2713,2,3,Ex,11
9098,4,7,2002,528,0,0,605,1,2,TA,7
32668,6,3,1975,2035,2,484,2515,3,4,TA,3
10200,6,5,1989,1461,2,600,1509,2,3,Gd,8
6155,6,8,1999,611,2,502,1362,2,3,TA,6
7200,5,7,2007,0,1,392,827,1,2,TA,4
5000,1,3,1950,0,0,0,334,1,1,Fa,1
9056,8,5,2004,707,2,403,1414,2,3,Gd,10
7000,5,7,1991,1117,0,0,1347,1,3,TA,1
8924,7,5,1999,880,2,527,1724,2,3,Gd,7
12735,4,5,1972,864,2,576,864,1,3,TA,4
11553,5,5,1968,1051,1,336,1159,1,3,TA,7
11423,8,5,2002,1581,2,670,1601,2,3,Gd,5
14601,9,5,2006,1838,3,765,1838,2,2,Ex,3
11000,8,5,2000,969,3,648,2285,2,4,Gd,6
10140,7,5,1999,1650,2,583,1680,2,3,Gd,6
4058,7,5,1998,723,1,367,767,1,1,TA,6
17104,7,5,2006,654,2,426,1496,2,3,Gd,9
13837,7,5,1988,1204,3,786,2183,2,4,Gd,2
8737,6,7,1950,1065,2,440,1635,1,3,TA,5
7244,5,7,1970,768,2,624,768,1,2,TA,4
8235,5,7,1995,825,2,720,825,1,2,TA,6
9375,7,5,2004,912,2,615,2094,2,4,Gd,11
4043,6,6,1977,1069,2,440,1069,2,2,TA,10
6000,5,6,1957,928,1,288,928,1,3,TA,6
11146,8,5,2006,1709,3,908,1717,2,3,Gd,7
8777,4,5,2003,0,2,520,1126,2,2,Gd,5
10625,7,5,2004,998,3,871,2046,2,3,Gd,8
6380,5,6,1950,993,1,280,1048,1,2,TA,8
14850,5,5,1957,1092,1,299,1092,1,2,TA,5
11040,4,6,1950,637,1,570,1336,1,3,TA,9
21872,7,5,1997,729,2,406,1446,2,3,TA,8
3196,7,5,2004,1374,2,420,1557,2,2,Gd,10
11341,5,6,1996,1392,2,528,1392,1,3,TA,5
10010,5,5,1975,1389,2,418,1389,1,2,TA,4
13907,5,6,1969,996,0,0,996,1,3,TA,7
21780,6,7,1950,1163,2,396,1674,2,4,TA,7
13346,7,5,2000,1095,2,590,2295,2,4,Gd,7
6858,6,4,1950,806,1,216,1647,1,4,Fa,5
11198,9,5,2007,1122,3,656,2504,2,4,Ex,6
10171,7,5,2004,1517,2,532,1535,2,3,Gd,3
12327,8,8,2009,1496,2,612,2132,1,1,Gd,9
7032,5,5,1979,943,2,600,943,1,2,TA,12
13101,5,5,1965,1728,2,576,1728,2,6,TA,11
7332,6,6,1959,864,1,288,864,1,2,Gd,10
13159,7,5,2009,846,2,650,1692,2,3,Gd,7
9967,7,5,2000,384,2,400,1430,2,3,TA,12
10500,5,7,2005,372,1,288,1109,1,3,TA,12
8480,5,5,1950,832,1,336,1216,1,2,TA,10
6292,7,7,1950,861,1,216,1477,2,3,TA,8
11777,5,6,1966,1164,2,564,1320,1,3,TA,5
3604,7,5,2007,689,2,540,1392,2,2,Gd,2
12150,5,5,1954,1050,1,352,1795,2,4,TA,11
14585,6,6,1987,1144,2,572,1429,1,3,Gd,6
12704,8,5,2009,2042,3,1390,2042,2,3,Ex,8
11841,6,5,1990,816,0,0,816,1,3,TA,5
13500,10,9,2000,1237,2,880,2775,3,3,Gd,7
6120,4,7,1995,884,1,240,1573,1,3,Gd,7
11443,8,5,2006,1868,3,880,2028,2,2,Gd,3
10267,6,7,2000,816,1,275,838,1,2,Fa,5
8740,5,6,1982,840,2,528,860,1,2,TA,7
25095,5,8,2003,1437,1,452,1473,1,1,Ex,6
9100,5,6,1960,742,1,308,935,1,2,TA,8
8320,7,5,2004,770,2,520,1582,2,3,Gd,9
13478,10,5,2008,1722,3,842,2296,2,3,Ex,6
6600,5,8,2003,816,2,816,816,1,2,TA,6
4435,6,5,2003,848,2,420,848,1,1,Gd,5
7990,5,6,1975,924,1,280,924,1,3,TA,4
11302,8,5,2006,1814,3,758,1826,2,3,Gd,8
3600,6,7,1993,684,1,216,1368,1,3,TA,10
3922,7,5,2007,1258,3,648,1402,0,2,Gd,2
12984,5,6,1977,1430,2,621,1647,2,3,Gd,3
1950,6,6,1980,716,2,452,1556,2,3,TA,7
10927,8,5,2005,1058,2,736,1904,2,3,Ex,6
9000,6,6,1950,780,1,544,1375,1,3,Gd,12
10041,8,5,1992,908,2,506,1915,2,3,Gd,2
3182,7,5,2005,600,2,480,1200,2,2,Gd,6
12803,7,5,2002,1494,2,530,1494,2,3,Gd,9
13600,7,6,1990,768,2,486,1986,2,3,TA,10
12464,5,5,1996,1040,2,576,1040,1,3,Gd,11
7800,5,8,2002,896,1,230,2008,3,3,Ex,8
12168,8,6,1998,965,2,380,3194,2,4,TA,9
7943,4,5,1961,1029,1,261,1029,1,3,TA,4
11050,9,5,2000,1440,3,736,2153,2,3,Ex,5
10395,6,6,1978,1032,2,564,1032,2,3,TA,7
11885,8,5,2001,1299,2,531,1872,2,3,Ex,11
8402,5,5,2007,1120,0,0,1120,1,3,TA,12
1491,4,6,1972,630,0,0,630,1,1,TA,5
8800,6,7,1963,936,2,480,1054,1,3,Gd,5
7861,6,5,2003,783,2,393,1509,2,3,Gd,6
7227,6,6,1954,832,2,528,832,1,2,Gd,6
11694,9,5,2007,1822,3,774,1828,2,3,Gd,7
12244,8,5,2003,1482,3,749,2262,2,4,Gd,8
8248,3,3,1950,864,0,0,864,1,2,TA,9
10800,6,7,1997,1522,2,624,2614,2,4,TA,6
7064,5,6,1977,980,2,484,980,1,3,TA,7
2117,6,5,2000,756,2,440,1512,2,2,Gd,6
10400,6,5,1972,732,2,484,1790,1,4,TA,11
10000,6,6,1962,1116,2,440,1116,1,3,TA,2
12342,5,5,1978,978,1,286,1422,1,3,TA,8
9600,6,6,1972,1156,1,364,1520,1,3,TA,3
11606,5,5,1969,1040,2,504,2080,1,5,Fa,9
9020,6,5,1964,1248,2,520,1350,1,3,TA,6
9000,5,6,1991,636,1,240,1750,1,3,Ex,6
4590,8,5,2006,1554,2,627,1554,2,2,Gd,8
11900,7,5,1977,1386,2,544,1411,2,3,TA,4
9250,5,7,2005,1056,1,260,1056,1,3,TA,7
6979,6,5,1980,1056,2,576,1056,0,0,TA,6
10896,6,7,1995,1440,0,0,3395,2,8,Fa,3
6120,2,3,1950,264,0,0,800,1,1,Fa,1
6000,5,4,1954,811,1,256,1387,2,3,Gd,11
8777,5,7,1950,796,0,0,796,1,2,TA,5
3982,8,5,2006,1520,3,648,1567,2,1,Ex,10
12677,8,5,2004,1518,2,588,1518,1,1,Ex,4
7050,7,5,2001,1057,2,650,1929,2,3,Gd,5
13860,8,7,1995,1952,2,538,2704,2,4,Ex,7
10793,5,5,1969,780,2,462,1620,2,4,TA,4
9187,9,5,2009,1766,3,478,1766,2,2,Ex,10
10530,6,5,1971,981,2,576,981,1,3,TA,3
7200,5,5,1950,0,2,420,1048,1,3,TA,7
10452,6,5,1953,1094,2,495,1094,1,3,TA,6
7700,6,5,1966,756,2,442,1839,1,4,TA,6
1936,4,6,1970,630,0,0,630,1,1,TA,12
8125,7,6,2007,813,2,562,1665,2,3,Gd,5
9084,4,5,1950,755,1,296,1510,1,4,TA,10
8750,7,5,1996,880,2,512,1716,2,2,Gd,7
10320,6,7,1995,756,1,216,1469,1,3,TA,6
10437,8,6,1995,2109,3,839,2113,2,2,Gd,8
1680,6,5,1971,525,1,264,1092,1,3,TA,3
10007,5,7,2006,1053,1,312,1053,1,3,Gd,8
7200,7,6,2000,776,1,270,1502,1,3,TA,2
17503,6,5,1950,912,1,330,1458,1,3,TA,1
9937,5,7,1999,1486,2,480,1486,1,3,TA,3
12384,7,7,1976,793,2,550,1935,2,3,TA,11
46589,8,7,2005,1629,3,711,2448,2,4,Gd,7
13560,6,3,1968,1392,2,576,1392,1,2,TA,7
10012,4,5,1972,1138,2,588,1181,2,3,TA,4
20896,8,5,2006,2077,3,1134,2097,1,1,Ex,1
11194,8,5,2000,1406,2,504,1936,2,3,Gd,11
18450,6,5,1979,1021,2,596,2380,2,3,TA,8
8125,6,5,1998,1408,2,575,1679,2,3,Gd,10
14175,5,6,1987,1188,2,576,1437,1,3,TA,11
11600,4,5,1950,700,1,252,1180,1,2,Fa,7
8633,6,5,2005,738,2,540,1476,2,3,Gd,2
6629,6,6,1950,672,1,300,1369,2,3,TA,7
11250,6,6,1977,1208,2,546,1208,1,3,TA,6
14442,6,7,2004,1477,2,416,1839,2,3,Gd,6
9200,6,6,1965,1136,1,384,1136,1,3,TA,7
2289,6,6,1978,855,2,440,1441,2,3,TA,4
9600,4,2,1950,1095,3,779,1774,2,4,TA,5
9022,5,8,2006,768,1,240,792,1,2,Gd,5
11844,8,5,2008,2046,3,834,2046,2,3,Gd,7
9945,5,5,1961,988,2,572,988,1,3,TA,10
8012,6,5,1980,923,1,264,923,2,2,TA,5
4500,5,5,2000,793,1,281,1520,1,3,TA,7
2887,6,5,1997,1291,2,431,1291,1,2,Gd,11
11248,9,5,2002,1626,3,702,1668,2,3,Gd,7
16770,7,5,1998,1195,2,486,1839,2,4,TA,6
5062,7,5,1984,1190,2,577,2090,2,3,Gd,9
10207,7,6,2007,874,2,578,1761,3,3,Gd,8
5105,7,5,2004,551,2,480,1102,2,2,Gd,3
8089,8,6,2007,1419,2,567,1419,2,2,Gd,10
7577,6,5,2006,1362,2,460,1362,2,2,Gd,6
4426,6,5,2004,848,2,420,848,1,1,Gd,5
21535,10,6,1995,2444,3,832,4316,3,4,Ex,1
26178,7,5,1990,1210,2,628,2519,2,4,Gd,4
5400,5,6,1968,1073,1,326,1073,1,2,TA,12
6120,5,6,1950,927,2,576,1539,1,3,TA,4
13811,6,6,1987,1112,2,551,1137,2,2,Gd,7
6000,5,7,1950,616,1,205,616,1,2,TA,6
6420,5,7,1952,980,1,308,1148,1,2,TA,9
8450,5,8,2009,894,1,336,894,1,3,TA,4
4282,7,5,2004,1391,2,530,1391,2,2,Gd,7
14331,8,5,2002,1800,3,765,1800,2,3,Gd,5
9600,7,5,1969,1164,2,528,1164,1,3,TA,7
12438,8,5,2006,1234,3,666,2576,2,4,Ex,7
7630,5,9,1996,360,2,672,1812,2,4,Gd,5
8400,7,5,2005,1473,2,606,1484,2,3,Gd,5
5600,4,5,1950,0,0,0,1092,2,3,Fa,7
115149,7,5,2002,1643,2,739,1824,2,2,Gd,6
6240,8,5,2006,1324,2,550,1324,2,2,Gd,12
9018,7,5,2007,728,2,400,1456,2,3,Gd,7
7162,5,7,1966,876,1,408,904,1,3,TA,12
4130,3,6,2003,270,0,0,729,1,2,TA,7
8712,4,7,1950,859,1,384,1178,1,2,TA,1
4671,8,5,1989,1228,2,472,1228,2,2,Gd,10
9873,4,5,1970,960,2,576,960,1,3,TA,5
13517,6,8,2005,725,2,475,1479,2,3,Gd,3
10140,6,5,1974,1064,2,478,1350,2,3,TA,8
10800,7,8,1998,718,2,704,2554,1,3,TA,7
10000,5,6,2000,1176,2,439,1178,1,3,Gd,11
10542,7,5,1994,1311,3,983,2418,2,3,Gd,8
9920,5,6,1969,971,1,300,971,1,3,TA,5
6563,8,5,1985,1742,2,564,1742,2,2,Gd,12
4426,6,5,2004,848,2,420,848,1,1,Gd,5
8120,4,7,1970,864,2,463,864,1,3,TA,7
8172,4,6,1972,941,1,548,1470,2,4,TA,5
13286,9,5,2008,1698,3,768,1698,2,3,Ex,2
6960,4,6,1970,864,2,660,864,1,3,Gd,11
21695,6,9,2007,880,2,540,1680,2,3,Gd,12
7314,7,5,2007,1232,2,632,1232,2,2,Gd,2
11475,5,5,1958,1584,3,888,1776,2,4,TA,7
6240,4,5,1950,780,2,539,1208,1,2,TA,1
5389,8,5,1996,1595,2,608,1616,2,2,Gd,3
9590,7,5,2003,868,2,438,1146,2,3,Gd,5
11404,7,5,1999,1153,2,541,2031,2,3,Gd,7
10000,5,6,1983,864,1,264,1144,1,3,TA,3
8978,5,5,1968,948,1,300,948,1,3,TA,5
10800,7,7,1970,880,2,320,1768,1,2,TA,10
8544,3,4,1950,0,2,400,1040,2,2,TA,7
10463,8,5,2005,893,3,800,1801,2,3,Gd,6
10800,5,5,1988,1200,0,0,1200,3,3,TA,3
9313,7,5,2004,864,2,572,1728,2,3,Gd,4
9600,5,7,2002,264,2,360,1432,2,2,TA,5
6768,6,8,1996,912,1,288,912,1,3,Gd,5
8450,7,5,2001,1349,2,539,1349,2,3,TA,12
12886,5,6,1999,520,2,480,1464,2,3,TA,10
5395,8,5,1993,1337,2,462,1337,2,2,Gd,10
8963,8,9,1996,1142,2,831,2715,3,4,Gd,7
8795,7,5,2000,952,2,554,2256,2,4,Gd,4
11700,7,7,2003,1240,4,864,2640,1,4,Gd,5
10593,7,5,1996,1720,2,527,1720,2,3,Gd,3
8405,4,3,1950,0,1,240,1529,2,4,TA,4
8800,4,7,2004,576,0,0,1140,1,3,TA,6
7750,7,5,2003,660,2,400,1320,2,3,Gd,8
9236,6,5,1997,1479,2,576,1494,2,3,Gd,7
10240,8,5,2005,1030,3,878,2098,2,3,Ex,3
7930,6,8,2005,1026,2,440,1026,1,3,Gd,7
3230,6,5,1999,729,2,440,1471,2,3,TA,3
10769,8,5,2007,866,2,578,1768,2,3,Gd,4
11616,6,5,1978,672,2,440,1386,2,3,TA,4
2280,7,5,1999,744,2,440,1501,2,3,TA,8
12257,8,5,1995,1318,3,752,2531,2,4,Gd,11
9100,6,6,1959,864,1,300,864,1,2,TA,10
6911,5,5,1950,1145,2,440,1301,1,2,Fa,10
8640,7,5,2009,756,2,614,1547,2,3,Gd,6
9430,8,5,1999,1252,3,856,2365,2,3,Gd,7
9549,8,5,1996,1494,2,481,1494,1,2,Ex,4
14587,9,5,2008,1498,2,592,1506,2,2,Ex,8
10421,7,5,1988,980,2,496,1714,2,3,TA,3
12508,6,7,1985,983,1,423,1750,2,4,TA,7
9100,7,5,2005,1860,2,484,1836,2,3,Gd,10
53504,8,5,2003,1650,3,841,3279,3,4,Ex,6
7252,5,5,1982,858,2,576,858,1,2,TA,4
8877,4,5,1951,836,2,396,1220,1,2,TA,4
7819,6,5,1976,1029,2,672,1117,1,3,TA,3
10150,5,5,1958,912,1,275,912,1,2,TA,7
14226,8,5,2006,1935,3,895,1973,2,3,Gd,7
4500,6,5,1998,1204,2,412,1204,2,2,TA,6
11210,7,5,2006,1614,3,865,1614,2,3,Gd,7
13350,5,5,1974,864,2,440,894,1,3,TA,6
8400,5,5,1977,0,2,630,2020,2,4,TA,10
10530,6,5,1977,975,2,504,1004,1,2,TA,5
7875,7,5,1996,1237,2,402,1253,2,3,TA,6
7153,6,5,1992,761,2,484,1603,2,3,Gd,7
16285,7,5,2002,1413,2,605,1430,2,3,Gd,6
9101,5,6,1978,1097,2,602,1110,1,1,Gd,7
6300,6,6,2001,742,0,0,1484,2,3,TA,6
9790,6,5,1967,1372,2,457,1342,2,3,TA,9
10800,5,6,1950,686,1,416,1652,2,4,TA,6
10142,7,5,2004,956,2,618,2084,2,4,Gd,1
6000,4,7,2000,901,1,281,901,1,2,TA,8
12205,6,8,2007,832,2,444,2087,2,5,Gd,7
3182,7,5,2006,1145,2,397,1145,2,2,Gd,9
11333,6,5,1976,1029,2,539,1062,1,3,TA,5
9920,7,5,1997,1117,2,455,2013,2,3,TA,6
9158,8,5,2007,1496,2,474,1496,2,3,Gd,6
10832,7,5,1996,712,2,409,1895,2,3,Gd,10
8400,6,6,1981,650,2,476,1564,2,3,TA,4
8197,6,5,1977,660,2,528,1285,1,3,TA,4
7677,5,5,1953,773,1,240,773,1,2,TA,4
13518,9,5,2009,1926,3,820,3140,3,4,Ex,7
7200,5,7,1950,731,1,240,1768,1,3,Gd,6
12798,6,5,1997,616,2,603,1688,2,4,Gd,5
4800,4,7,1990,1196,2,440,1196,1,2,TA,7
8199,7,5,2005,728,2,410,1456,2,3,Gd,10
13891,9,5,2009,1734,3,1020,2822,3,4,Ex,1
9000,5,5,1954,936,1,286,1128,1,2,TA,6
12274,7,5,2008,1417,2,554,1428,2,3,Ex,7
9750,5,5,1967,980,1,384,980,2,3,TA,10
21384,5,6,2004,1324,2,528,1576,1,3,Gd,5
13400,5,5,1966,1024,2,484,1086,1,3,TA,6
8100,5,5,1965,849,2,360,2138,2,2,TA,11
10140,6,6,1999,1040,2,484,1309,1,3,Gd,1
4438,6,5,2004,848,2,420,848,1,1,Gd,6
8712,5,5,1952,540,2,504,1044,1,2,Fa,6
9750,6,6,1958,1442,1,301,1442,1,4,TA,4
8248,5,7,1950,686,1,280,1250,1,3,Fa,7
12137,7,5,1998,1649,2,598,1661,2,3,Gd,5
11425,5,6,1954,1008,1,275,1008,1,2,TA,7
13265,8,5,2002,1568,3,857,1689,2,3,Gd,7
8816,6,7,1971,1010,2,440,1052,1,3,TA,6
6371,7,5,2010,1358,2,484,1358,2,2,Gd,6
7226,7,5,2003,798,2,595,1640,2,3,Gd,6
6000,4,4,1953,936,2,576,936,1,2,TA,2
12394,7,5,2003,847,2,433,1733,2,3,Gd,10
9900,6,7,1950,778,1,240,1489,2,3,TA,7
11216,8,5,2006,1489,2,776,1489,2,3,Gd,6
14803,10,5,2008,2078,3,1220,2084,2,2,Ex,6
6130,5,6,1950,784,0,0,784,1,2,Gd,5
8529,7,5,2001,1454,2,527,1434,2,3,Gd,4
28698,5,5,1967,1013,2,538,2126,2,3,TA,6
2544,7,5,2005,600,2,480,1223,2,2,Gd,7
11900,6,5,1957,1392,2,458,1392,1,3,TA,6
3180,7,5,2005,600,2,480,1200,2,2,Gd,6
9548,7,6,2003,941,2,613,1829,2,3,Gd,1
10004,6,6,1964,1516,2,472,1516,1,3,TA,2
7875,5,6,1961,1144,2,456,1144,1,3,TA,9
9600,4,7,1995,1067,2,436,1067,2,2,Gd,2
8100,5,6,1973,1559,2,812,1559,1,2,TA,6
1680,6,5,1973,483,1,264,987,1,2,TA,11
9525,5,6,2006,1099,1,352,1099,1,3,Gd,6
11767,5,6,1995,768,1,240,1200,1,3,TA,5
12155,6,8,1950,672,1,400,1482,2,4,Fa,3
10440,5,8,2002,650,2,686,1539,2,3,Gd,6
9020,6,7,1966,1127,2,490,1165,1,3,TA,5
8000,5,4,1961,1800,0,0,1800,2,6,TA,7
12665,5,8,1950,876,3,720,1416,1,4,TA,6
16647,5,5,1981,1390,2,611,1701,2,3,TA,1
9317,7,5,1993,740,2,425,1775,2,3,Gd,7
15523,5,6,1972,864,1,338,864,1,3,TA,8
45600,6,8,1997,907,2,360,2358,3,5,TA,9
9600,6,7,1994,528,2,512,1855,2,3,TA,8
4435,6,5,2003,848,2,420,848,1,1,Gd,11
3196,8,5,2003,1273,2,400,1456,2,2,Gd,5
7128,7,5,1950,918,1,240,1646,2,4,TA,8
12095,6,6,1964,1127,2,645,1445,1,3,TA,8
17920,5,4,1974,1763,2,454,1779,1,3,TA,7
6897,5,8,2010,1040,1,260,1040,1,3,TA,4
10970,6,6,1978,940,2,576,1026,1,3,TA,10
8125,6,5,1995,702,2,343,1481,2,3,TA,3
10400,7,5,1976,1090,2,479,1370,2,3,TA,6
11029,6,7,1984,1054,2,619,2654,2,4,Gd,8
7642,7,8,1998,912,1,216,1426,1,3,Gd,6
11625,5,4,1965,1039,2,504,1039,1,3,TA,4
9672,6,5,1985,1040,2,480,1097,2,3,TA,5
7931,5,5,1959,1148,1,672,1148,1,3,TA,7
8640,7,5,2008,1372,2,529,1372,2,3,Gd,5
8750,5,6,1970,1002,2,902,1002,1,3,TA,8
10656,8,5,2007,1638,3,870,1646,2,3,Gd,11
6970,4,5,1961,1040,2,544,1120,1,3,Fa,5
14762,5,6,1950,0,2,672,2320,2,2,TA,5
9938,7,5,1994,1050,2,574,1949,2,3,Gd,6
6600,5,5,1962,894,1,308,894,1,2,TA,8
8750,6,5,1998,804,2,523,1682,2,3,Gd,6
8892,5,7,1996,105,2,414,910,1,3,Gd,10
12144,5,7,1950,832,1,288,1268,1,3,TA,9
5720,5,6,1950,676,1,200,1131,1,3,TA,8
9000,8,5,2007,1184,2,550,2610,2,4,Ex,8
25286,4,5,1963,1064,2,648,1040,1,3,TA,1
8834,9,5,2005,1462,3,738,2224,2,4,Ex,6
11782,5,7,1995,1109,2,576,1155,1,3,Gd,6
7000,5,8,2005,864,1,336,864,1,3,TA,7
7024,5,5,2006,1090,2,450,1090,1,2,TA,6
13758,7,5,1991,1156,2,400,1717,2,3,Gd,4
9636,6,5,1993,808,2,389,1593,2,3,TA,12
6204,4,5,1950,795,1,440,2230,1,5,TA,3
7150,5,5,1967,892,1,288,892,1,3,TA,7
5119,9,5,2000,1698,2,506,1709,2,2,Gd,1
8393,5,5,2005,1626,2,588,1712,2,4,TA,6
16466,5,7,1955,816,1,300,1393,1,3,TA,4
15865,8,6,1970,2217,2,621,2217,2,4,Gd,10
12160,6,4,1953,1505,2,505,1505,1,2,TA,2
8064,5,7,2006,672,2,576,924,1,3,TA,7
11184,6,5,1978,918,2,440,1683,2,3,TA,7
8414,6,8,2003,1059,1,264,1068,1,3,TA,2
13284,5,5,1954,1383,1,354,1383,1,3,TA,6
7018,5,5,1979,0,2,400,1535,2,4,TA,6
7056,6,5,1963,780,2,483,1796,1,4,TA,10
8765,4,6,1950,951,1,327,951,1,2,TA,4
7018,5,5,1979,0,2,528,2240,2,6,TA,6
12919,9,5,2010,2330,3,820,2364,2,2,Ex,3
6993,5,7,1994,912,1,288,1236,1,3,TA,6
7340,4,6,1971,858,1,684,858,1,2,TA,6
8712,5,7,2000,992,1,756,1306,1,2,TA,5
7875,7,5,2003,783,2,393,1509,2,3,Gd,7
14859,7,5,2006,1670,3,690,1670,2,3,Gd,8
6173,5,6,1967,876,1,288,902,1,3,TA,8
9920,5,5,1954,1056,1,280,1063,1,3,TA,2
13501,8,5,2006,1623,3,865,1636,2,3,Gd,6
11500,7,7,1987,1017,1,180,2057,1,3,Gd,6
8885,5,5,1983,864,2,484,902,1,2,TA,6
12589,6,5,2005,742,2,390,1484,2,3,Gd,6
11600,5,5,1960,1105,2,480,2274,2,5,TA,1
9286,5,7,1989,1268,1,252,1268,1,3,Gd,10
6120,5,7,1950,768,1,450,1015,1,3,TA,7
6270,5,6,1950,1001,3,871,2002,2,4,TA,8
3000,6,5,2009,612,2,528,1224,2,2,Gd,6
2001,4,5,1970,546,1,286,1092,1,3,TA,1
9000,2,3,1950,480,1,308,480,0,1,TA,10
17140,4,6,1956,1134,1,284,1229,1,3,TA,4
13125,7,5,1991,1104,3,833,2127,2,4,Gd,11
11029,6,8,2002,1184,2,601,1414,1,3,TA,5
8462,6,5,1994,928,2,471,1721,2,3,Gd,7
8777,5,7,2003,1272,0,0,2200,2,4,TA,9
10237,6,5,2006,1316,2,397,1316,2,3,Gd,10
8012,6,5,1994,1604,2,533,1617,2,2,Gd,7
10240,6,6,1980,1686,2,612,1686,2,3,TA,5
15611,5,6,1977,1126,2,540,1126,2,3,Ex,3
11999,8,5,2004,1181,3,656,2374,2,4,Ex,5
9900,7,5,1968,832,2,486,1978,2,4,TA,4
11838,8,5,2001,1753,2,522,1788,2,3,Ex,6
13006,7,5,1997,964,2,642,2236,2,4,Gd,11
8925,8,5,2007,1466,3,610,1466,2,3,Gd,7
9100,5,6,1965,925,1,429,925,1,2,TA,7
11670,9,5,2006,1905,3,788,1905,2,3,Ex,3
8487,7,5,2004,1500,2,570,1500,2,3,Gd,8
27650,7,7,2007,585,2,505,2069,2,4,Gd,11
5825,4,5,1953,600,2,528,747,1,1,TA,6
10083,7,5,2003,1176,2,555,1200,2,2,Gd,8
9675,7,5,2005,1113,2,689,1971,2,3,Gd,2
8760,7,5,2006,1391,3,868,1962,2,3,Gd,8
24090,7,7,1950,1032,1,349,2403,2,4,TA,6
12640,6,5,1976,1728,2,574,1728,2,4,TA,7
8755,7,5,1999,992,2,390,2060,2,3,Gd,6
7711,4,3,1977,1440,0,0,1440,2,4,TA,8
25000,5,4,1967,1632,2,576,1632,2,4,TA,6
14375,6,6,1958,819,2,525,1344,1,3,Gd,1
8820,5,6,1996,1088,2,456,1869,1,2,TA,9
8163,5,6,1959,1144,1,796,1144,1,3,TA,3
14536,8,5,2003,1616,3,808,1629,2,3,Gd,11
14006,7,5,2002,936,2,474,1776,2,3,Gd,2
9360,6,7,2006,1161,2,676,1381,1,3,Gd,3
7200,5,8,2002,864,2,720,864,1,3,Gd,7
7800,5,5,1965,828,1,300,965,1,3,TA,7
7200,5,8,2003,768,1,396,768,1,2,TA,4
11075,5,4,1969,784,2,530,1968,2,4,TA,9
9400,6,5,1975,945,0,0,980,2,4,TA,10
7136,6,6,1950,979,2,492,1958,2,4,TA,8
1300,6,6,1980,561,2,462,1229,1,2,TA,5
7420,5,5,1962,1057,2,576,1057,1,3,TA,4
8450,7,5,2003,1337,2,531,1337,2,3,Gd,10
2572,7,5,1999,696,2,484,1416,2,3,Gd,5
7207,5,7,2008,858,0,0,858,1,2,TA,2
12227,6,7,1995,1330,2,619,2872,2,4,TA,7
2308,6,6,1976,804,2,440,1548,2,3,Gd,7
11923,9,5,2007,1800,2,702,1800,2,2,Ex,5
11316,7,5,2003,817,2,510,1894,2,4,Gd,2
10237,6,5,2007,783,2,393,1484,2,3,Gd,7
9600,5,7,1950,728,1,256,1308,1,2,TA,6
7390,5,7,1955,1098,1,260,1098,1,3,TA,7
5925,3,6,1950,600,0,0,968,1,2,TA,5
10382,6,5,1958,588,1,264,1095,1,2,TA,3
10800,4,4,1950,720,0,0,1192,1,4,TA,12
2268,7,5,2004,764,2,474,1626,2,2,Gd,7
7892,6,5,1979,918,1,264,918,2,2,TA,4
11639,7,5,2008,1428,2,480,1428,2,3,Gd,12
11414,7,8,1993,728,2,532,2019,1,3,Gd,10
2651,7,5,2000,673,2,490,1382,2,3,Gd,4
5900,4,7,1958,440,0,0,869,1,2,Fa,8
4274,7,5,2007,1241,2,569,1241,1,1,Gd,11
9450,4,5,1954,894,2,400,894,1,3,TA,5
8816,5,6,1963,1121,2,480,1121,1,3,TA,6
12122,7,9,2007,944,2,588,999,1,3,Ex,7
12203,8,5,1999,1225,3,676,2612,2,4,Gd,7
3182,7,5,2007,1266,2,388,1266,2,2,Gd,3
11250,8,5,2002,1128,2,779,2290,2,4,Gd,5
10125,5,5,1977,0,2,539,1734,2,4,Gd,8
10880,5,5,1950,1164,1,240,1164,1,3,TA,8
5310,6,8,2003,485,1,255,1635,1,2,Gd,6
10159,9,5,2010,1930,3,606,1940,2,3,Ex,4
12046,6,6,1976,848,2,551,2030,2,4,Gd,6
8125,7,5,2006,770,2,614,1576,2,3,Gd,8
9452,8,5,1998,1396,3,870,2392,2,3,Gd,6
17671,8,9,1986,916,2,424,1742,1,4,Gd,11
9760,6,8,1993,822,2,440,1851,2,3,Gd,7
8846,6,5,2006,750,2,564,1500,2,3,Gd,8
12456,10,5,2007,1700,3,786,1718,2,3,Ex,7
4712,4,7,1950,747,1,305,1230,1,3,TA,8
10659,5,6,1961,1050,1,368,1050,1,3,TA,1
11717,6,6,1970,1442,2,615,1442,2,2,TA,2
9786,3,4,1950,1007,1,210,1077,1,3,TA,5
6762,7,5,2006,1187,2,632,1208,2,2,Gd,2
10206,3,3,1952,0,2,528,944,1,2,Fa,7
5400,5,6,1950,691,1,216,691,1,2,Ex,1
11957,8,5,2006,1574,3,824,1574,2,3,Gd,7
11500,5,6,1976,1680,2,528,1680,2,4,TA,6
3182,7,5,2006,1346,2,457,1504,2,1,Gd,5
8385,5,8,1977,985,1,328,985,2,3,TA,11
12155,6,3,1970,1657,2,484,1657,2,3,TA,3
2217,4,4,1970,546,1,286,1092,1,3,TA,8
12118,7,5,2005,1710,2,550,1710,2,3,Gd,4
6000,5,5,1950,1008,0,0,1522,2,4,TA,6
21286,5,5,1950,720,1,312,1271,2,4,TA,8
9825,5,5,1965,0,0,0,1664,2,4,TA,5
10592,6,7,1996,602,1,180,1502,1,3,Gd,8
7200,5,4,2006,1022,1,280,1022,1,2,TA,6
11664,6,5,1950,1082,1,240,1082,1,2,TA,11
8400,8,6,2001,810,2,528,1665,2,3,Gd,11
11883,7,5,1996,1504,2,478,1504,2,3,Gd,6
5814,8,5,1984,1220,2,565,1360,1,1,Gd,8
10784,7,5,1992,384,2,402,1472,2,3,Gd,5
3013,7,5,2005,1362,2,440,1506,2,2,Gd,4
7024,4,5,2005,1132,2,451,1132,1,2,Gd,6
7406,7,5,2006,1199,2,632,1220,2,2,Gd,7
9439,5,5,1950,912,1,160,1248,1,2,TA,3
3182,7,5,2006,1346,2,437,1504,2,2,Gd,5
15498,8,6,1976,1565,2,665,2898,2,2,Gd,5
7700,5,5,1972,882,2,461,882,1,3,TA,3
9300,5,5,1960,1268,2,461,1264,1,3,TA,4
9520,8,5,2008,1638,3,800,1646,2,3,Gd,4
9492,5,5,1950,768,1,240,1376,1,3,TA,4
1680,6,7,1972,672,1,264,1218,1,3,TA,5
7082,5,8,1995,686,0,0,1928,2,5,TA,7
15863,7,3,1970,824,2,672,3082,2,5,TA,8
14541,8,7,1993,1338,3,796,2520,2,5,Gd,11
8125,7,5,2002,1654,3,900,1654,2,3,Gd,2
6305,5,7,1950,920,1,240,954,1,2,Fa,6
11500,4,3,1957,0,1,290,845,1,3,TA,1
12898,9,5,2008,1620,3,912,1620,2,2,Ex,9
9240,8,5,2002,1055,2,905,2263,2,3,Gd,9
1533,4,6,2008,546,0,0,1344,1,3,TA,5
1477,4,4,1970,630,1,286,630,1,1,TA,4
13125,5,4,2000,1134,2,484,1803,2,3,TA,1
9130,6,8,2000,800,2,484,1632,1,4,Gd,7
5381,6,5,2005,1306,2,624,1306,2,1,Gd,8
11839,7,5,1990,1475,2,514,2329,2,4,Gd,5
9600,8,5,1981,2524,2,542,2524,2,4,Gd,7
13680,3,5,1955,0,2,452,1733,2,4,TA,6
16056,9,5,2006,1992,3,716,2868,3,4,Ex,7
9245,5,5,1995,990,2,672,990,1,3,TA,2
21750,5,4,2006,0,2,336,1771,1,3,TA,11
11100,4,7,2006,0,1,308,930,1,2,Gd,4
8993,7,5,2007,1302,2,436,1302,2,3,Gd,8
11175,7,5,2007,1316,2,440,1316,2,3,Gd,10
9500,6,6,1978,816,2,540,1977,1,4,TA,6
8562,5,6,2002,1216,1,364,1526,1,4,TA,5
11367,8,5,2002,1065,2,586,1989,2,3,Gd,11
11361,6,5,1976,1193,2,478,1523,2,3,TA,5
7052,7,5,2005,1364,2,484,1364,2,2,Gd,6
29959,7,6,1994,973,2,467,1850,2,3,Gd,1
11308,9,5,2008,1104,3,836,2184,2,3,Ex,7
11275,6,7,1950,854,2,432,1991,1,3,TA,3
4920,8,5,2001,1338,2,582,1338,2,2,Gd,4
18000,3,4,1950,894,3,1248,894,1,2,TA,8
13600,5,5,1950,662,2,560,2337,2,5,TA,9
6000,6,6,1980,1103,2,440,1103,1,2,Gd,7
11000,5,6,1966,1154,2,480,1154,1,3,TA,11
14000,7,5,1997,1306,2,533,2260,2,3,Gd,4
7837,6,7,1994,799,2,380,1571,2,3,TA,5
9760,6,6,1964,780,2,442,1611,1,4,TA,6
3964,6,4,1973,942,2,576,2521,2,5,TA,6
9600,5,7,2003,845,2,576,893,1,2,Gd,5
10152,5,5,1956,1048,1,286,1048,1,3,TA,6
11700,6,6,1968,727,2,441,1556,1,4,TA,5
7585,5,3,1950,810,1,280,1456,1,4,TA,8
7950,6,6,1977,690,2,440,1426,1,3,TA,7
8556,7,5,2006,1240,3,826,1240,2,2,Gd,5
13125,7,6,1984,800,1,240,1740,1,3,TA,7
10800,5,8,1989,796,2,566,1466,2,3,Gd,4
15870,5,5,1969,1096,1,299,1096,1,3,TA,3
4435,6,5,2004,848,2,420,848,1,1,Gd,5
8775,5,5,1994,990,1,299,990,1,3,TA,4
11040,6,7,2004,1258,2,528,1258,2,3,Gd,10
7500,5,5,1963,1040,1,308,1040,1,3,TA,6
8749,7,5,2002,1459,2,527,1459,2,3,Gd,9
8800,6,6,1964,1251,1,461,1251,1,3,TA,3
13031,6,5,1996,691,2,409,1498,2,3,TA,7
9069,6,6,1992,936,2,564,996,1,2,Gd,4
1974,4,5,1973,546,1,286,1092,1,3,TA,5
10574,8,5,2006,1082,3,1043,1953,2,3,Gd,5
2522,7,5,2004,970,2,380,1709,2,3,Gd,4
3316,8,5,2005,1247,2,550,1247,1,1,Gd,4
8544,3,4,1950,0,2,400,1040,2,2,TA,6
2160,7,5,2000,600,2,462,1252,2,2,Gd,3
8400,6,5,1950,1181,2,576,1694,2,4,TA,6
9230,5,8,1998,864,2,884,1200,1,1,Gd,10
5868,5,7,2000,936,1,308,936,1,2,TA,5
9317,6,5,2006,1314,2,440,1314,2,3,Gd,3
6882,6,7,2006,684,0,0,1355,1,3,Gd,3
3696,8,5,1986,1074,2,461,1088,1,2,Gd,10
6000,4,6,1950,672,1,240,1324,1,3,TA,7
11880,7,5,1978,1271,2,478,1601,2,3,TA,4
8400,2,5,1950,290,1,246,438,1,1,Fa,1
9758,5,5,1971,950,1,280,950,1,3,TA,7
7000,5,7,2002,1010,1,254,1134,1,2,TA,4
8910,6,6,1959,655,2,539,1194,1,3,TA,7
2016,5,5,1970,630,2,440,1302,2,3,TA,4
12256,8,5,1995,1463,2,712,2622,2,3,Gd,4
10357,7,5,1991,910,2,719,1442,2,3,Gd,5
23257,7,5,2006,868,2,422,2021,2,3,Gd,9
8063,6,5,2000,924,2,463,1690,2,3,TA,11
11362,8,5,2005,1836,3,862,1836,2,3,Gd,3
8000,6,5,1996,773,2,431,1658,2,3,TA,6
10480,7,6,1976,803,2,483,1964,2,4,TA,9
7100,5,7,1957,816,1,308,816,1,2,TA,7
8923,5,7,2006,1008,1,240,1008,1,2,Gd,5
5400,5,7,2000,833,1,326,833,1,2,Gd,8
12085,8,5,2007,1734,3,928,1734,2,3,Ex,11
7750,8,5,2002,408,2,527,1419,2,3,Gd,3
9764,5,7,2003,894,2,450,894,1,3,Gd,5
13825,5,6,1987,533,1,300,1601,1,3,TA,12
7560,5,5,1959,1040,1,286,1040,1,3,TA,7
8263,6,5,1950,1012,1,308,1012,1,2,TA,5
10084,7,5,2006,1552,3,782,1552,2,3,Gd,7
8926,4,3,1956,672,1,288,960,1,3,TA,10
9405,5,9,2008,698,0,0,698,1,2,TA,6
9125,7,5,1992,384,2,392,1482,2,3,Gd,7
10434,4,5,1955,1005,2,672,1005,1,2,Fa,11
3684,7,5,2007,1373,3,660,1555,2,2,Gd,6
14572,7,5,2004,1530,3,630,1530,2,3,Gd,11
11796,7,5,2005,847,2,434,1959,2,4,Gd,7
7200,5,5,1980,936,2,672,936,1,2,TA,8
7804,4,3,1950,1122,2,576,1981,2,4,Gd,12
10712,5,5,1992,974,0,0,974,1,3,TA,9
9900,6,4,1950,1008,1,205,2210,2,5,Fa,5
9828,8,5,1995,1128,2,466,2020,2,3,Gd,6
8773,6,5,1997,916,2,460,1600,2,3,TA,8
6180,6,5,1950,960,1,180,986,1,2,TA,5
9600,6,5,1950,1032,1,288,1252,1,3,TA,4
6342,5,8,1996,780,0,0,1020,1,2,TA,5
9819,6,5,1977,1567,2,714,1567,2,2,Gd,5
8731,5,5,1950,915,2,495,1167,1,3,TA,5
7350,5,7,1951,952,2,840,952,1,2,TA,6
10304,5,7,1976,780,2,484,1868,2,4,Gd,10
9965,8,5,2007,1466,3,1052,2828,3,4,Gd,4
9000,5,3,1959,1006,0,0,1006,1,3,TA,7
12180,4,4,1950,672,1,280,924,1,2,Fa,7
6240,5,6,1950,1042,1,225,1576,1,3,TA,8
11200,6,5,1985,1298,2,403,1298,2,3,Gd,5
12000,7,7,1950,704,1,234,1564,1,3,Fa,7
5700,7,7,1950,572,1,288,1111,1,2,TA,8
9000,7,9,1988,650,2,324,1482,1,3,TA,7
8280,6,5,1950,932,1,306,932,1,2,Gd,11
17755,5,4,1959,1466,2,528,1466,1,3,Fa,11
14115,6,7,2004,1073,2,470,1811,1,2,Ex,7
5890,6,8,2007,816,1,432,816,1,2,TA,6
13700,7,6,1988,864,2,492,1820,1,4,Gd,5
10768,5,8,2004,1437,2,528,1437,2,3,Gd,7
9350,5,8,1999,1219,2,502,1265,2,3,Gd,10
5001,7,5,2008,1314,2,626,1314,2,2,Gd,7
11932,8,5,2008,1580,3,830,1580,2,3,Gd,6
9120,6,6,1974,901,2,540,1876,2,4,Gd,7
2280,6,5,1978,855,2,440,1456,2,3,TA,7
14778,6,7,2006,1296,2,924,1640,1,3,Gd,11
8724,5,5,1968,894,2,450,894,1,3,TA,5
12900,4,4,1969,1198,2,400,1258,0,0,TA,1
16157,5,7,1978,1360,2,588,1432,1,2,Gd,6
9541,7,5,2009,1502,2,644,1502,2,3,Gd,9
10475,8,5,2008,1694,3,776,1694,2,3,Gd,2
10852,6,5,2000,959,2,472,1671,2,3,TA,2
13728,6,7,1986,1127,2,540,2108,2,4,Gd,7
35760,10,5,1996,1930,3,807,3627,3,4,Gd,7
9880,6,6,1977,1096,1,358,1118,1,3,TA,7
9120,6,6,1958,1261,2,433,1261,1,3,TA,11
4017,7,5,2007,625,2,625,1250,2,2,Gd,3
18030,5,6,1994,1598,0,0,3086,3,3,Ex,3
16560,6,8,1950,952,2,360,2345,2,4,TA,7
10678,8,5,2000,1683,2,541,2872,2,4,Gd,4
6951,5,5,1985,876,1,264,923,1,3,TA,10
3950,6,8,2004,818,1,210,1224,1,3,TA,12
7681,5,6,1950,731,1,186,1343,1,3,TA,7
8335,5,5,1954,0,0,0,1124,1,3,TA,4
11170,7,5,1991,1216,2,693,2514,2,4,TA,4
5587,8,5,2008,1600,2,482,1652,2,2,Gd,11
15623,10,5,1996,2396,3,813,4476,3,4,Ex,7
10800,5,6,1950,1120,2,720,1130,1,2,TA,6
35133,5,4,1963,1572,3,995,1572,1,3,TA,5
9738,5,7,1950,784,1,392,1221,1,4,TA,3
10615,3,5,1970,978,2,420,1699,2,3,TA,8
12461,8,5,1995,1624,3,757,1624,2,2,Gd,7
8935,7,5,2002,831,2,493,1660,2,3,Gd,7
7500,7,5,1999,994,2,442,1804,2,3,Gd,6
32463,4,4,1975,1249,4,1356,1622,1,3,TA,3
2645,8,5,2000,776,2,492,1441,2,2,Gd,11
9600,5,8,1994,702,1,250,1472,1,3,Gd,7
4500,6,5,1999,1224,2,402,1224,2,2,TA,6
9364,6,7,1969,663,1,299,1352,1,4,TA,3
8029,6,5,2005,728,2,400,1456,2,3,Gd,7
14054,7,5,2006,879,3,660,1863,2,4,Gd,11
8850,7,6,1950,815,1,225,1690,1,3,TA,7
9100,7,5,2001,1212,2,573,1212,2,3,Gd,6
11235,4,5,1979,1051,2,459,1382,1,3,TA,10
9353,4,5,1970,864,1,280,864,1,3,TA,7
10400,7,5,1998,866,2,546,1779,2,3,Gd,3
6000,5,8,1997,884,1,216,1348,1,3,TA,5
9750,7,5,2001,1630,2,451,1630,2,3,Gd,10
10140,5,6,1975,1056,2,495,1074,1,3,TA,7
14684,7,7,1991,2158,3,701,2196,2,3,Gd,6
8900,4,4,1966,1056,1,384,1056,1,2,TA,11
9135,6,5,2003,1682,2,544,1700,2,3,Gd,5
7763,5,7,1980,931,2,506,1283,1,3,TA,10
10182,8,5,2006,1660,2,500,1660,2,3,Gd,5
11218,6,5,1992,1055,2,462,1845,2,3,Gd,5
12134,8,7,2005,559,2,492,1752,2,4,TA,6
9340,4,6,1950,672,1,234,672,1,2,TA,8
10246,4,9,2001,648,1,364,960,0,0,TA,5
10205,5,5,1962,925,1,300,999,1,3,TA,5
7094,5,5,1966,894,1,384,894,1,3,TA,5
8930,6,5,1978,0,2,539,1902,2,4,TA,4
8640,8,5,2009,1300,2,552,1314,2,3,Gd,9
6240,4,5,1950,0,0,0,912,1,2,TA,7
1680,6,5,1971,672,0,0,1218,1,3,TA,4
7800,5,5,1964,912,1,288,912,1,2,TA,11
8250,5,5,1968,952,1,322,1211,1,3,TA,8
10496,6,6,1950,1040,1,315,1846,2,3,TA,1
10680,5,3,1951,2136,2,528,2136,2,4,TA,10
15384,7,5,2005,788,2,388,1490,2,3,Gd,2
10482,6,8,1958,588,1,264,1138,1,3,TA,6
14598,6,5,2007,894,3,668,1933,2,4,Gd,1
8872,5,8,2008,912,2,576,912,1,2,Gd,12
8769,9,5,2008,1702,3,1052,1702,1,1,Ex,10
7910,5,5,1960,1075,1,404,1507,2,4,TA,8
18890,5,5,1977,1361,2,600,2620,2,4,TA,8
7728,5,6,1962,1106,2,540,1190,1,3,TA,5
9842,4,5,1962,0,2,462,1224,2,2,TA,3
12160,5,5,1959,1188,2,531,1188,1,3,TA,5
8525,5,6,1950,940,0,0,1964,1,4,TA,11
13132,5,5,1950,747,1,180,1784,1,4,TA,7
2628,7,5,2003,764,2,474,1626,2,2,Gd,6
12393,7,5,2005,847,2,434,1948,2,4,Gd,9
13072,6,5,2005,1141,2,484,1141,1,3,TA,3
9037,8,5,2006,1476,2,472,1484,2,2,Ex,12
8158,7,5,2003,884,2,543,1768,2,3,Gd,7
9849,7,6,2007,1689,3,954,1689,2,3,Gd,6
10625,7,6,1974,1053,2,528,1173,2,3,Gd,1
13891,10,5,2006,2076,3,850,2076,2,2,Ex,9
11435,8,7,1950,792,2,400,1517,1,3,Gd,6
12090,6,7,2003,585,2,477,1868,3,3,TA,1
8125,7,5,2006,756,2,615,1553,2,3,Gd,3
12328,6,5,1976,1012,3,888,1034,1,3,TA,5
9600,6,5,1950,735,2,396,2058,1,3,TA,4
7200,5,7,1950,876,1,276,988,1,3,TA,5
11160,7,5,1968,2110,2,522,2110,2,3,Ex,4
3136,7,5,2003,1405,2,478,1405,2,2,Gd,3
9858,5,6,1968,864,1,288,874,1,3,TA,11
17542,7,7,2003,1192,2,518,2167,2,3,Gd,7
6931,7,5,2004,746,2,397,1656,2,3,Gd,7
6240,6,6,1950,884,1,560,1367,1,3,TA,11
14303,8,5,1994,1986,2,691,1987,2,2,Gd,8
4060,5,8,1950,864,0,0,864,1,2,TA,7
9587,7,5,2005,856,2,400,1166,2,2,Gd,7
9750,6,8,1969,1054,2,460,1054,1,3,TA,7
24682,6,5,1999,841,2,502,1675,2,3,TA,6
9600,5,6,1956,1050,1,338,1050,1,2,TA,6
11250,4,5,1989,1104,1,304,1788,1,5,TA,11
13515,6,6,1950,764,2,520,1824,1,3,TA,7
4060,6,5,1999,1405,2,511,1337,2,2,Gd,8
3735,7,5,1999,691,2,506,1452,2,3,Gd,3
10120,7,4,1950,925,1,308,1889,1,4,TA,1
13214,9,5,2009,2002,3,746,2018,2,3,Ex,5
14100,8,9,1997,728,3,1014,3447,3,4,Gd,5
11344,5,5,1958,874,1,315,1524,1,3,TA,7
23595,7,6,1979,1332,2,586,1524,0,0,Gd,4
9156,6,7,1968,1489,2,462,1489,2,3,Gd,8
13526,5,6,1965,935,1,288,935,1,3,TA,11
11512,6,7,2006,1019,1,312,1357,1,2,Ex,5
5362,5,6,2003,661,2,552,1250,2,3,TA,11
11345,5,5,1950,928,2,400,1920,2,4,TA,7
12936,6,6,1972,723,2,497,1395,1,3,TA,12
17871,6,5,1976,1680,2,480,1724,1,3,TA,6
9473,8,5,2002,1128,2,577,2031,2,3,Gd,3
7500,4,4,1950,698,2,528,1128,1,2,TA,4
9808,7,5,2002,1573,2,544,1573,2,3,Gd,3
8049,7,5,1990,1309,2,484,1339,2,2,TA,7
8800,5,7,2008,1040,2,484,1040,2,3,Gd,9
9400,6,5,1971,912,0,0,1824,2,4,TA,4
9638,6,7,1990,804,1,336,2447,2,4,Gd,3
6000,6,6,1950,780,1,280,1412,1,4,TA,5
9790,6,5,1963,1328,2,528,1328,1,3,TA,6
36500,5,5,1964,1624,2,390,1582,2,4,TA,6
5664,8,5,2000,1501,2,499,1659,2,2,Ex,10
11065,8,5,2006,1085,3,753,1970,2,3,Ex,10
14112,5,7,1964,1152,2,484,1152,1,3,TA,4
1680,5,7,1972,630,1,264,1302,2,3,TA,2
6600,5,4,1965,994,1,432,2372,2,4,TA,12
10140,7,5,1976,832,2,528,1664,2,4,TA,3
8172,5,7,1990,864,2,572,864,1,2,TA,4
8400,5,5,1968,1052,1,288,1052,1,3,TA,11
8700,5,6,1963,1120,2,525,1128,2,3,TA,12
3675,6,5,2006,547,2,525,1072,2,2,TA,6
63887,10,5,2008,6110,2,1418,5642,2,3,Ex,1
7500,5,7,1994,1246,1,305,1246,1,3,Gd,5
10762,7,5,1999,978,2,490,1983,2,3,Gd,5
7500,6,7,1950,771,1,213,1494,1,3,Gd,11
10120,8,5,1994,1165,3,844,2526,2,4,Gd,12
8688,7,5,2005,1616,3,834,1616,2,3,Gd,4
3363,7,5,2004,976,2,380,1708,2,3,Gd,4
13173,9,5,2007,1652,2,840,1652,2,2,Ex,11
6955,7,5,2006,1368,2,474,1368,2,2,Gd,9
8072,5,5,1995,990,2,480,990,1,3,TA,5
12000,5,7,2005,924,2,528,1122,1,2,Gd,5
7153,6,5,1991,1278,2,496,1294,2,3,Gd,6
17500,7,8,2002,1902,2,567,1902,2,3,Ex,5
8814,7,5,2007,1274,2,508,1274,2,3,Gd,1
9572,8,5,1990,1453,2,750,2810,2,4,Gd,6
14774,9,5,1999,1393,3,779,2599,2,4,Gd,5
8190,4,6,1954,948,1,280,948,1,3,TA,10
11075,6,5,1969,952,2,576,2112,2,4,TA,6
10226,8,5,2008,1622,3,860,1630,2,3,Ex,1
4230,7,5,2007,1352,2,466,1352,2,2,Gd,4
14781,8,5,2002,1753,3,748,1787,2,3,Gd,8
10215,4,5,1954,864,1,248,948,1,3,TA,2
8400,6,3,1957,1478,2,442,1478,1,3,TA,6
6627,3,6,1950,0,1,287,720,1,2,TA,7
10186,7,5,1992,750,2,564,1923,2,3,Gd,6
5330,4,7,1950,420,0,0,708,1,2,Fa,12
9986,8,5,2007,1795,3,895,1795,2,2,Gd,2
3636,4,4,1950,796,0,0,796,1,2,TA,1
4270,3,6,2006,544,0,0,774,1,3,Gd,5
6600,5,9,2008,816,1,264,816,1,3,Gd,10
10440,6,7,1950,1510,2,520,2792,2,5,TA,6
9084,7,5,1998,935,2,462,1632,2,3,TA,6
10000,8,5,2006,1588,3,825,1588,2,3,Gd,12
10780,5,5,1976,911,2,576,954,1,3,TA,7
8877,4,6,1958,816,1,288,816,1,2,TA,5
7200,5,6,1995,803,1,297,1360,1,2,Gd,7
2368,5,6,1970,765,2,440,1365,1,3,TA,5
9650,6,5,1977,1350,2,630,1334,2,2,TA,4
9246,5,5,1973,1656,2,506,1656,2,4,TA,11
4118,4,4,1950,693,0,0,693,1,2,Fa,3
13450,7,5,2002,916,2,492,1861,2,3,Gd,6
9560,5,7,1972,864,1,288,864,1,3,TA,6
8294,4,5,1971,858,4,480,872,1,3,TA,6
13695,6,5,2004,1114,2,576,1114,1,3,Gd,7
9375,8,5,2002,1284,2,647,2169,2,3,Gd,8
7558,6,6,1950,896,2,342,1913,1,3,TA,3
11103,7,5,2006,728,2,440,1456,2,3,Gd,7
6000,4,4,1950,960,1,308,960,1,2,Fa,7
20781,7,7,2003,1568,2,508,2156,2,3,TA,6
15306,8,5,2007,1732,3,712,1776,2,3,Gd,5
16196,7,5,1998,1482,2,514,1494,2,3,Gd,8
5250,8,5,1987,684,0,0,2358,2,4,TA,12
11643,5,5,1969,1248,4,968,2634,2,6,TA,8
9247,6,6,1962,858,2,490,1716,1,4,TA,3
6000,6,9,2000,698,2,624,1176,1,2,TA,7
14720,8,5,1996,2033,3,666,3238,2,4,Gd,3
10316,7,5,2000,992,3,839,1865,2,3,Gd,6
10192,7,6,1992,570,2,487,1920,3,4,Gd,9
9477,5,5,1966,864,1,264,892,1,3,TA,10
12537,5,6,2008,1078,2,500,1078,1,3,TA,4
2117,6,5,2000,756,2,440,1573,2,3,Gd,6
16737,9,5,2005,1980,3,770,1980,2,3,Ex,9
9842,5,6,1998,612,2,621,2601,3,4,TA,5
16158,7,5,2005,1530,2,430,1530,2,3,Gd,6
12513,4,4,2007,715,1,368,1738,2,4,TA,6
8499,6,5,2007,616,2,432,1412,2,3,Gd,3
3180,7,5,2005,600,2,480,1200,2,2,Gd,4
7500,7,5,2000,814,2,663,1674,2,3,Gd,1
9179,7,5,1999,873,2,588,1790,2,3,Gd,6
2665,5,6,1977,757,1,336,1475,2,4,TA,7
4435,6,5,2004,848,2,420,848,1,1,Gd,6
10635,8,5,2003,1657,2,502,1668,2,3,Gd,5
5400,4,6,1950,840,1,338,1374,1,2,TA,10
9600,6,6,1996,992,1,377,1661,1,3,Gd,10
9750,7,6,1998,1108,2,583,2097,2,3,Gd,6
11400,10,5,2002,2633,3,804,2633,2,2,Ex,3
10625,7,5,2005,1026,3,936,1958,2,3,Gd,7
10991,8,5,2007,1571,3,722,1571,2,3,Gd,12
6292,6,5,1950,768,1,160,790,1,2,TA,4
10998,5,5,1960,984,2,660,1604,2,3,TA,7
1953,6,5,1973,483,1,264,987,1,2,TA,6
9735,5,5,2007,384,2,400,1394,2,3,Gd,5
8212,3,3,1950,864,1,200,864,1,2,TA,6
12925,6,7,1970,1205,2,550,2117,2,4,TA,5
7200,7,7,1950,596,2,576,1762,1,4,Gd,10
25339,5,7,2007,816,2,576,1416,2,3,Gd,8
9060,6,5,1950,560,1,280,1258,1,2,TA,10
5436,4,8,2007,796,1,240,1154,1,3,Gd,5
16692,7,5,1978,1392,2,564,2784,3,5,Gd,7
8520,6,7,1950,714,1,216,2526,2,5,Gd,8
14892,9,5,2007,1746,3,758,1746,2,3,Ex,10
6000,6,6,1950,735,2,440,1218,1,3,TA,3
9100,7,5,2000,1525,2,541,1525,2,3,Gd,9
8944,5,5,1967,1584,3,792,1584,2,4,TA,4
7838,5,5,1967,864,1,288,900,1,3,TA,12
10800,6,7,2000,482,2,672,1912,2,3,TA,4
4045,7,5,2006,1356,3,648,1500,2,2,Gd,10
12665,8,5,2006,1094,3,642,2482,2,4,Gd,2
57200,5,5,1950,747,2,572,1687,1,3,TA,6
6120,5,8,2004,939,1,180,1513,1,4,TA,5
7200,5,4,1982,1208,1,240,1904,1,3,TA,5
6171,6,6,1990,976,1,216,1608,2,3,Gd,10
6000,6,7,1950,862,1,208,1158,1,3,TA,7
7415,6,5,2004,839,2,398,1593,2,3,TA,4
6762,7,5,2006,1286,2,662,1294,2,2,Gd,7
15256,8,5,2007,1485,3,754,1464,2,3,Gd,8
10410,3,4,1950,672,3,936,1214,1,3,TA,1
3842,8,5,2005,1594,2,482,1646,2,2,Gd,1
8445,5,7,2007,768,2,396,768,1,2,TA,3
8780,5,5,1985,833,0,0,833,1,3,TA,3
7740,4,7,1950,622,2,528,1363,1,3,TA,6
20544,7,6,1991,791,2,542,2093,2,3,TA,11
12420,7,5,2001,944,2,622,1840,2,3,Gd,6
9600,6,8,2005,856,1,271,1668,1,3,TA,9
7200,4,5,1950,0,2,420,1040,2,2,TA,6
10994,8,5,2006,1844,2,620,1844,2,2,Gd,9
13053,6,7,2000,833,2,370,1848,1,4,Gd,6
3635,7,5,2007,1386,3,660,1569,2,1,Gd,5
11340,4,6,1950,777,2,560,2290,2,4,TA,4
16545,8,5,1998,1284,3,1069,2450,2,3,Gd,5
9204,5,5,1963,1144,1,336,1144,1,3,TA,8
16381,6,5,1969,1844,2,540,1844,2,3,Gd,12
11700,6,6,1968,708,2,776,1416,2,3,TA,5
4043,6,5,1977,1069,2,440,1069,2,2,TA,7
4435,6,5,2003,848,2,420,848,1,1,Gd,3
19690,6,7,1966,697,2,432,2201,2,4,Gd,8
9503,5,5,1983,1024,1,484,1344,1,2,TA,6
10721,6,6,1959,1252,2,528,1252,1,3,Gd,10
10944,7,5,1994,1223,2,525,2127,2,3,Gd,8
10930,5,6,1950,913,1,288,1558,1,3,TA,4
7200,5,7,1992,788,1,240,804,1,2,Gd,2
12546,6,7,1981,1440,2,467,1440,2,3,Gd,4
21930,5,5,2005,732,2,372,1838,2,4,TA,7
4928,6,6,1976,958,2,440,958,2,2,TA,10
10800,4,6,2007,656,1,216,968,2,4,TA,8
10261,6,5,2000,936,2,451,1792,2,3,TA,5
17400,5,5,1977,1126,2,484,1126,2,3,TA,5
8400,6,9,2005,1319,2,462,1537,1,3,Gd,7
9000,4,6,1971,864,2,528,864,1,3,TA,5
12444,8,5,2008,1932,3,774,1932,2,2,Ex,11
7407,6,7,1996,912,2,923,1236,1,2,TA,4
11584,7,6,1979,539,2,550,1725,2,3,TA,11
11526,6,7,1994,588,2,672,2555,2,3,TA,9
4426,6,5,2004,848,2,420,848,1,1,Gd,5
11003,10,5,2008,1017,3,812,2007,2,3,Ex,4
8854,6,6,1950,952,1,192,952,1,2,Fa,5
8500,7,5,2004,1422,2,626,1422,2,3,Gd,11
8400,6,5,1966,814,1,240,913,1,3,TA,5
26142,5,7,1962,1188,1,312,1188,1,3,TA,4
10000,8,5,1996,1220,2,556,2090,2,3,Gd,12
11767,4,7,2000,560,1,384,1346,1,2,TA,5
1533,5,7,1970,630,0,0,630,1,1,Ex,8
9000,5,5,1974,896,0,0,1792,2,4,TA,9
9262,8,5,2009,1573,3,840,1578,2,3,Ex,5
3675,5,5,2005,547,2,525,1072,1,2,TA,5
17217,5,5,2006,1140,0,0,1140,1,3,TA,7
7500,7,5,2005,1221,2,400,1221,2,2,Gd,10
7917,6,5,2000,953,2,460,1647,2,3,TA,8
13175,6,6,1988,1542,2,500,2073,2,3,TA,2
9042,7,9,2006,1152,1,252,2340,2,4,Gd,5
9717,5,6,1996,1078,1,240,1078,1,2,Gd,4
9937,5,6,1965,1256,1,276,1256,1,3,TA,6
